群組類別,主類別,名稱,名稱(英文),代表圖像,簡介,簡介(英文),類別,級別,郵遞區號,縣市,地址,經度,緯度,開放時間,開放時間(英文),休館日,休館日(英文),票價,票價(英文),聯絡人,聯絡人(英文),電話,傳真,email,FACEBOOK,網站,如何到達,如何到達(英文),公告日期,公告日期(英文),所屬主管機關,所屬主管機關(英文),來源網址,創建年代,創建年代(西元),作者,作者(英文),尺寸,尺寸(英文),材質,材質(英文),mainTypePK,點閱數
獨立書店,獨立書店,女書店,,,,,,,106,臺北市 大安區,新生南路3段56巷7號2樓,121.533669,25.020533,周一至周五 13:00-18:00，周六、周日及國定假日公休,,,,,,,,886-2-23638244,886-2-23631381,fembooks@fembooks.com.tw,女書店粉絲專頁,http://www.fembooks.com.tw/index.htm,捷運公館站3號出口,,,,,,,,,,,,,,,1,606
獨立書店,獨立書店,公館舊書城,,,,,,,100,臺北市 中正區,汀州路3段130號,121.533744,25.013919,週一到週日9:30-21:30,,,,,,,,886-2-23682260,,,,,捷運公館站1號出口,,,,,,,,,,,,,,,2,1144
獨立書店,獨立書店,古今書廊,,,,,,,100,臺北市 中正區,羅斯福路3段244巷17號及23號,121.530609,25.016675,每日10:30~22:00，除夕～初四公休,,,,,,,,博雅館: +886 2 2363 6358、人文館: +886 2 2367 1797,,pnp.book@msa.hinet.net,古今書廊粉絲專頁,pnpbook.blogspot.tw,捷運公館站4號出口,,,,,,,,,,,,,,,3,698
獨立書店,獨立書店,永樂座書店,,,,,,,100,臺北市 大安區,建國南路二段123巷6號,121.538294,25.02953,每日11:00-22:00週二至週四、週日：13:00-21:00 / 週五、週六：13:00-22:00 / 週一公休,,,,,,,,886-2-27077055,,eirakuza@gmail.com,https://www.facebook.com/eirakuza/timeline,http://eirakuza0730.pixnet.net/blog,捷運公館站4號出口,,,,,,,,,,,,,,,4,1437
獨立書店,獨立書店,台灣e店,,,,,,,106,臺北市 大安區,新生南路3段76巷6號1樓,121.533367,25.019285,每日10:00-21:30，除夕～初三公休,,,,,,,,886-2-23625799,,taiouan.shop@msa.hinet.net,台灣e店,http://www.taiouan.com.tw,捷運公館站3號出口，步行約5-10分鐘,,,,,,,,,,,,,,,5,459
獨立書店,獨立書店,伊聖詩書坊,,,,,,,106,臺北市 大安區,新生南路3段22巷7-1號1樓,121.533971,25.024206,週二至週日12:00-20:00；週一公休,,,,,,,,886-2-23621134,,kevinyuyuwei@gmail.com,https://www.facebook.com/escentsbooks/timeline,,公車「龍安國小（公務人力發展中心）」站,,,,,,,,,,,,,,,6,1047
獨立書店,獨立書店,南天書局,,,,,,,106,臺北市 大安區,羅斯福路3段283巷14弄14號1樓,121.532182,25.018345,週一～週五(第一.三週六) 8:30 ～ 18:00 週六.日.國定假日公休,,,,,,,,886-2-23620190,886-2-23623834,sales@smcbook.com.tw,南天書局粉絲專頁,http://www.smcbook.com.tw,1.捷運淡水線：公館站 3號出口，羅斯福路三段333巷右轉，步行約五分鐘抵達。 2.捷運小南門、新店線：台電大樓站 2號出口，沿著羅斯福路三段直行，從333巷口左轉，步行五分鐘抵達。,,,,,,,,,,,,,,,7,795
獨立書店,獨立書店,胡思二手書店(公館店),,,,,,,100,臺北市 中正區,羅斯福路3段308之1號2 樓(公館捷運站4號出口)(公館店出入口位於羅斯福路三段308-1號本棟正後方，請由兩側巷子繞進),121.532561,25.016149,週一至週五：12:00-22:00，週六、週日：11:00-22:00，公休除夕-初四,,,,,,,,886-2-23632168,,whose.books@msa.hinet.net,https://www.facebook.com/whosebook,http://www.whosebooks.com.tw,捷運公館站4號出口,,,,,,,,,,,,,,,8,826
獨立書店,獨立書店,茉莉二手書店(臺大店),,,,,,,100,臺北市 中正區,羅斯福路四段40巷2號一樓,121.531451,25.016188,每日12:00~22:00，除夕～初四休,,,,,,,,886-2-23692780,886-2-23686862,td@molliebook.com,茉莉二手書店臺大店,http://www.mollie.com.tw/Store_1.asp,捷運公館站或臺電大樓站，步行5分鐘,,,,,,,,,,,,,,,9,2601
獨立書店,獨立書店,唐山書店,,,,,,,106,臺北市 大安區,羅斯福路3段333巷9號地下室一樓,121.532797,25.017554,星期一～五9:00-22:00｜星期六～日10:00-22:00，全年無休,,,,,,,,886-2-23633072,886-2-23639735,tonsan@ms37.hinet.net,https://www.facebook.com/TonsanBookstore/timeline,http://blog.yam.com/tsbooks,捷運公館站3號出口，往臺灣大學方向步行約10分鐘，位於羅斯福路與新生南路間的巷弄中,,,,,,,,,,,,,,,10,705
獨立書店,獨立書店,書林書店(臺北總店),,,,,,,106,臺北市 大安區,新生南路3段88號2樓之5,121.533353,25.018131,週一～五10:00-20:30｜例假日11:00～19:00，除夕～初三休,,,,,,,,886-2-23658617,886-2-23636630,vicky@bookman.com.tw,https://www.facebook.com/taipei.bookman.bookstore/,http://www.bookman.com.tw,捷運公館站3號出口,,,,,,,,,,,,,,,11,698
獨立書店,獨立書店,晶晶書庫,,,,,,,100,臺北市 中正區,羅斯福路3段210巷8弄8號1樓,121.529176,25.018129,週一～日13:30～21:30，週二公休（逢國定假日，正常營業）,,,,,,,,886-2-23642006,886-2-23649980,gingins@ginginbooks.com,晶晶 GinGin Store粉絲專頁,http://www.ginginbooks.com,捷運臺電大樓站2號出口,,,,,,,,,,,,,,,12,515
獨立書店,獨立書店,雅博客二手書店,,,,,,,106,臺北市 大安區,新生南路3段76巷9號1樓,121.533073,25.019203,週一～日12:00-22:00,,,,,,,,886-2-23628298,,ec@yabook.com.tw,https://www.facebook.com/yabooktpe/timeline,http://www.yabook.com.tw/main/modules/MySpace/index.php,捷運公館站或臺電大樓站，步行10分鐘,,,,,,,,,,,,,,,13,672
獨立書店,獨立書店,茉莉二手書店(師大店),,,,,,,106,臺北市 大安區,和平東路1段222號 B1,121.532106,25.026058,每日12:00-22:00，除夕～初四休,,,,,,,,886-2-23682238,886-2-23682125,sd@molliebook.com,,http://www.mollie.com.tw/Store_3.asp,捷運古亭站步行15分鐘，或公車「溫州街口」站,,,,,,,,,,,,,,,15,1588
獨立書店,獨立書店,舊香居,,,,,,,106,臺北市 大安區,龍泉街 81 號 1 樓,121.52934,25.022191,每日13:00-22:00，週一公休,,,,,,,,886-2-23680576,,jxjbooks@gmail.com,https://www.facebook.com/jxjbooks/timeline,http://blog.yam.com/user/jxjbooks.html,捷運臺電大樓站3號出口,,,,,,,,,,,,,,,16,391
獨立書店,獨立書店,禮筑外文書店,,,,,,,106,臺北市 大安區,金華街249-3號1樓（新生國小旁）,121.531042,25.029984,週一～六10:30-18:00，週日公休,,,,,,,,886-2-23968403,886-2-23968405,silexbk@ms51.hinet.net,禮筑外文書店 Silexbooks粉絲專頁,http://www.silexbooks.com.tw,捷運東門站,,,,,,,,,,,,,,,17,834
獨立書店,獨立書店,信誼小太陽親子書房(臺北重慶店),,,,,,,100,臺北市 中正區,重慶南路 2 段 75 號 1 樓,121.515419,25.029974,週一～週日 10:00～18:00,,,,,,,,886-2-23218986,,service@kimy.com.tw,,http://www.hsin-yi.org.tw/kidStore,捷運中正紀念堂站2號出口，步行7分鐘,,,,,,,,,,,,,,,19,1426
獨立書店,獨立書店,亞典藝術書店,,,,,,,106,臺北市 大安區,仁愛路3段122號B1,121.540381,25.037412,週一至週日 : 10:00~21:00 除夕~初三休,,,,,,,,"886-2-27845166#21, #22",,store-ra@artland.com.tw,亞典書店粉絲專頁,http://www.artland.com.tw,"捷運忠孝復興站2號出口右轉見江太太包子店後,繼續直走到福華飯店後右轉至仁愛路,繼續直走過彰化銀行後可見書店招牌(總計步行約15分)， 捷運大安站1號出口右邊巷子(信義路三段147巷)直走至仁愛路三段後左轉,過彰化銀行後可見招牌 (總計約10分鐘)",,,,,,,,,,,,,,,21,1616
獨立書店,獨立書店,古原軒書店,,,,,,,106,臺北市 大安區,建國南路2段157號,121.538121,25.028626,11:00-20:30，週日不定期公休,,,,,,,,886-2-23258041,,,,,公車「龍門國中」站，「大安國宅」站，「信義建國路口」站,,,,,,,,,,,,,,,22,1768
獨立書店,獨立書店,好樣本事VVG Something,,,,,,,106,臺北市 大安區,忠孝東路4段181巷40弄13號,121.549868,25.044067,週一～日12:00-21:00,,,,,,,,886-2-27731358,,vvgsomething@gmail.com,,http://vvgvvg.blogspot.tw,捷運忠孝敦化站7號出口，步行約10分鐘,,,,,,,,,,,,,,,23,640
獨立書店,獨立書店,花栗鼠繪本館,,,,,,,106,臺北市 大安區,忠孝東路4段147巷8號,121.549549,25.042324,週一~週五 10:00~18:00，週六週日11:00~19:00,,,,,,,,886-2-27782211,,service@shimarisu.com.tw,https://www.facebook.com/shimarisu.taipei,http://shimarisu2010.pixnet.net/blog,捷運忠孝敦化站7號出口,,,,,,,,,,,,,,,24,929
獨立書店,獨立書店,旅人書房Zeelandia Travel & Books,,,,,,,106,臺北市 大安區,青田街12巷12-2號2樓,121.531202,25.026998,週五：12:00-21:00，週六、 週日、週一：12:00-19:00，週二 - 週四：公休,,,,,,,,886-2-23224772,,ztbshop@gmail.com,Zeelandia Travel & Book,http://zeelandiabookshop.blogspot.tw/,捷運東門站或可搭北市公車0南、15、18、235、237、254、278、295、530、662、663、671、672、673、74、907、949、和平幹線、棕11、棕12、棕22及綠11至「溫州街口」站下車。,,,,,,,,,,,,,,,25,1375
獨立書店,獨立書店,蠹行文化聚合古書店,,,,,,,106,臺北市 大安區,青田街2巷25號,121.53045,25.028439,週一 - 週日： 13:00 到 21:00,,,,,,,,886-2-33221163,,fastreusecom@gmail.com,https://www.facebook.com/dushingbook,,捷運東門站5號出口，沿著永康街步行約10分鐘。,,,,,,,,,,,,,,,26,1373
獨立書店,獨立書店,下北沢世代,,,,,,,104,臺北市 中正區,和平西路二段141號2樓之1,121.522418,25.047978,周六～日：13:00~19:00，週一～五公休,,,,,,,,886-2-23145650,,shimokitazawa.books@gmail.com,https://www.facebook.com/shimokitazawa.books,,捷運「龍山寺」站3號出口直行約10分鐘，或可搭北市公車1、007、和平幹線及藍28至「和平中華路口」站下車；或12、202、205、212、223、246、250、253、260、307、604、670、671及673至「大埔街」站下車。,,,,,,,,,,,,,,,27,1405
獨立書店,獨立書店,胡思二手書店(士林店),,,,,,,111,臺北市 士林區,中正路235巷44號,121.526239,25.094178,每日12:00-22:00,,,,,,,,886-2-88615828,,whose.books@msa.hinet.net,胡思二手書店,http://whosebooks.myweb.hinet.net/1_1.htm,士林捷運站1號出口,,,,,,,,,,,,,,,29,422
獨立書店,獨立書店,田園城市生活風格書店,,,,,,,104,臺北市 中山區,中山北路2段72巷6號,121.52223,25.056968,週日～週三（Mon-Wed）10:00~19:00 週四～周六（Thu - Sat）10:00~20:00,,,,,,,,886-2-25319081,,gardenct@ms14.hinet.net,https://www.facebook.com/gardencity.bookstore/,http://www.gardencity.com.tw,捷運雙連站1號出口,,,,,,,,,,,,,,,30,1734
獨立書店,獨立書店,信鴿法國書店,,http://cloud.culture.tw/e_upload_ccacloud/festival/image/A0/B0/C0/D0/E0/F31/5192458b-a2de-4cd1-8e74-42e78f5caa23.JPG,1999年由推廣法國文化不遺餘力的施蘭芳女士創立。這是一個喚醒你閱讀慾望及看到玫瑰人生的法國書店，迥異於一般書店的深色貼皮木質書架，以暗色鋼鐵和玻璃為元素，融入原木書櫃，從巴黎延伸到臺北的小角落，現代中又傳溢一份優雅與純真的味道。每週都有新書上架，平台上的暢銷書排行榜，幾乎和法國同步。此外，書店亦有文化交流等的豐富活動。法國就在巷弄裡的一隅，讓您以書籍、音樂、電影、與交流活動感受法國及歐洲的空間。,,,,104,臺北市 中山區,松江路97巷9號一樓,121.534114,25.05116,週一～五9:30-18:30，週六～日11:00-19:00，除夕～初四休，非週末國定假日依網站公佈,,,,,,,,886-2-25172616,886-2-25178173,info@llp.com.tw,https://www.facebook.com/llp.com.tw,http://www.llp.com.tw/default/default.aspx,捷運松江南京站4號出口,,,,,,,,,,,,,,,31,798
獨立書店,獨立書店,莽葛拾遺二手書店,,,,,,,108,臺北市 萬華區,廣州街152巷4號1F,121.500547,25.036412,每日10:00-18:00,,,,,,,,886-2-23362717,,moungartraces@gmail.com,https://www.facebook.com/moungarbook/,,捷運龍山寺站,,,,,,,,,,,,,,,32,757
獨立書店,獨立書店,蘭臺藝廊,,,,,,,112,臺北市 北投區,義理街63巷2弄19號1樓,121.514727,25.118916,週一～日11:00-19:00，每週四公休(可預約),,,,,,,,886-2-28234549,,chimeilee12@gmail.com,,http://blog.xuite.net/maygallery/twblog,捷運石牌站1號出口,,,,,,,,,,,,,,,33,496
獨立書店,獨立書店,九份樂伯二手書店,,,,,,,224,新北市 瑞芳區(瑞芳鎮),九份 佛堂巷31號,121.841493,25.106696,週二-週四：11:00-16:30，週六-週日：11:00-17:00，週一、週五公休,,,,,,,,886-958-571502,,lobo32xl@yahoo.com.tw,九份樂伯,,從瑞芳火車站轉搭公車往九份,,,,,,,,,,,,,,,35,964
獨立書店,獨立書店,小小書房,,,,,,,234,新北市 永和區(永和市),文化路192巷4弄2-1號,121.515272,25.012721,每日11:30-22:30，全年無休｜不定期特休依據網站、店內公告,,,,,,,,886-2-29231925,886-2-29231926,smallidea2006@gmail.com,小小書房,http://blog.roodo.com/smallidea,捷運頂溪站2號出口，或可搭北市公車214，214直，239，241，243，244至「頂溪國小站」下車。,,,,,,,,,,,,,,,36,736
獨立書店,獨立書店,水木書苑,,,,,,,300,新竹市 新竹市,光復路2段101號（清華大學風雲樓一樓）,120.996665,24.796441,週一至五：09:00-20:00（寒假、暑假為09:00-19:00）；週六、日及國定假日：10:30-19:00,,,,,,,,886-3-5716800、886-3-5717694,886-3-5723552,fion@nthubook.com.tw,水木書苑,http://www.nthubook.com.tw,如搭高鐵可於高鐵「新竹」站下車，有免費接駁巴士，至「清華大學」站下車，或可搭新竹客運1、1甲、2、30路,,,,,,,,,,,,,,,38,2515
獨立書店,獨立書店,書酷英文書店 Suku Books,,,,,,,310,新竹縣 竹東鎮,東寧路1段207號,121.094046,24.726151,週一～日10:00-18:00,,,,,,,,886-3-5100571,886-3-5110459,sales@suku.com.tw,書酷英文書店 Suku Books,http://suku.com.tw,http://suku.com.tw/content/%E4%BA%A4%E9%80%9A%E8%B3%87%E8%A8%8A,,,,,,,,,,,,,,,39,613
獨立書店,獨立書店,軼田書集,,,,,,,360,苗栗縣 苗栗市,府前路160巷23號,120.816532,24.559982,週二~週六 14:00~21:00、週日 12:00~18:00，【公休】農曆除夕至初三、每週一,,,,,,,,886-37-362183,,yi_jian2005@yahoo.com.tw,https://www.facebook.com/yijian0725/,http://www.yi-jian.com,公車「國立苗中」站,,,,,,,,,,,,,,,40,786
獨立書店,獨立書店,蘇格貓底二手書咖啡店,,,,,,,300,新竹市 新竹市,光復路2段101號,120.996665,24.796441,週一至日：11:00-21:00,,,,,,,,886-3-5736096,,catstore5736096@gmail.com,蘇格貓底二手書咖啡屋,https://www.facebook.com/Socratescoffe,公車站「清華大學」站,,,,,,,,,,,,,,,41,371
獨立書店,獨立書店,台灣本土文化書局,,,,,,,400,臺中市 中區,三民路3段49號,120.68209,24.145685,週二～五12:30-20:30，週六12:30-17：00，週日～一公休,,,,,,,,886-4-22224160,,twbook49@gmail.com,台灣本土文化書局粉絲專頁,http://blog.roodo.com/taiwanbook,公車「臺中圖書館」站，「臺中公園」站,,,,,,,,,,,,,,,43,490
獨立書店,獨立書店,百利舊書坊,,,,,,,406,臺中市 北屯區,北屯路431-3號,120.700125,24.177765,每日9:30-21:30,,,,,,,,886-4-22468245,,,https://www.facebook.com/%E7%99%BE%E5%88%A9%E6%9B%B8%E5%9D%8A-126997247312062/,,公車「北新國中」站,,,,,,,,,,,,,,,44,1413
獨立書店,獨立書店,東海書苑,,,,,,,403,臺中市 西區,五權西二街104號,120.663741,24.136948,12:00-22:30，全年無休,,,,,,,,886-4-23783613,886-4-23783616,mail@thusbook.com.tw,東海書苑粉絲專頁,http://www.thusbook.com.tw,仁友客運59或89號（後火車站搭車）、臺中客運71號、統聯75號,,,,,,,,,,,,,,,45,627
獨立書店,獨立書店,魚麗人文主題書店,,,,,,,403,臺中市 西區,民權路177巷1號1樓,120.673751,24.142795,12:00-17:00、18:00-21:00，週三公休,,,,,,,,886-4-22259811,,shoal.epc@msa.hinet.net,魚麗人文主題書店‧魚麗共同廚房,http://blog.yam.com/shoal,公車「民權中華路口」站,,,,,,,,,,,,,,,49,520
獨立書店,獨立書店,午後書房,,,,,,,434,臺中市 龍井區(龍井鄉),藝術北街46巷2號（藝術街轉進藝術街72巷巷底處）,120.593548,24.188549,週二-週日 14:00-22:00，週一公休,,,,,,,,886-4-26529927,,jimmywu0505@hotmail.com,午後書房 二手書店,http://class.ruten.com.tw/user/index00.php?s=gyobi,公車「國際街口」或「國際街一巷」,,,,,,,,,,,,,,,51,716
獨立書店,獨立書店,虎尾厝沙龍,,,,,,,632,雲林縣 虎尾鎮,民權路51巷3號,120.435965,23.709741,週二-週五:13:00 - 21:00，週六:11:00 - 21:00，週日:11:00 - 19:00,,,,,,,,886-5-6313826,886-5-6310037,huwei.salon@gmail.com,虎尾厝‧SALON粉絲專頁,http://www.huweisalon.com,臺西客運虎尾站,,,,,,,,,,,,,,,52,749
獨立書店,獨立書店,成大舊書店,,,,,,,600,嘉義市 嘉義市,國華街117巷1號,120.449082,23.474242,每日9:00-22:00,,,,,,,,886-5-2232555,,,,,嘉義客運「BRT文化路口」站,,,,,,,,,,,,,,,53,635
獨立書店,獨立書店,洪雅書房,,,,,,,600,嘉義市 嘉義市,長榮街116號（近忠孝路、嘉基護理之家後方第二間）,120.450978,23.483546,每日14:00-21:30，全年無休,,,,,,,,886-5-2776540、886-929-536133,,hoanya.yu@gmail.com,洪雅書房粉絲專頁,http://blog.yam.com/hungya,公車「北門」站,,,,,,,,,,,,,,,54,870
獨立書店,獨立書店,達摩二手書坊,,,,,,,600,嘉義市 嘉義市,新榮路323號,120.444143,23.479138,每日10:00-21:00，週一公休,,,,,,,,886-5-2167988,886-5-2161913,jason2211187@yahoo.com.tw，damobooks@hotmail.com,https://www.facebook.com/Damobook/,http://www.damobooks.com.tw,嘉義火車站出站步行約5分鐘，或嘉義客運「中山」站,,,,,,,,,,,,,,,55,1072
獨立書店,獨立書店,金萬字書店,,,,,,,700,臺南市 中西區,忠義路2段6號（鄰近臺南孔廟）,120.202788,22.99103,每日10:00-21:30，週一公休,,,,,,,,886-6-2250191,,,https://www.facebook.com/JinWanZiShuJu,http://www.kingbooks.com.tw/,公車「忠義路」站,,,,,,,,,,,,,,,56,574
獨立書店,獨立書店,府城舊冊店,,,,,,,701,臺南市 東區,勝利路115號地下室(成大與南一中附近),120.217719,22.986472,週一-週三、週五-週六：10:00 - 22:00 ；週四：10:00 - 22:30；週日：12:00 - 22:00,,,,,,,,886-6-2763093,,tainancitybookstore@yahoo.com.tw,台南府城舊冊店,,可搭臺南市公車3、88、H62、黃6、黃7及黃幹線至「文化中心｣站下車。,,,,,,,,,,,,,,,57,518
獨立書店,獨立書店,珍古書坊,,,,,,,701,臺南市 東區,前鋒路180號,120.213541,22.995758,AM 10：00～PM 09：00 無事不休,,,,,,,,886-6-2357779,,a2632687@hotmail.com,台南 珍古書坊,http://www.jengood.tw,臺南火車站後站,,,,,,,,,,,,,,,58,1091
獨立書店,獨立書店,書林書店(高雄店),,,,,,,802,高雄市 苓雅區,五福一路77號2樓之1,120.315589,22.62774,週一～五 09:00-18:00，週六 11:00~19:00，週日 公休,,,,,,,,886-7-2290300,886-7-2221937,southbooks@bookman.com.tw,https://www.facebook.com/southbooks/timeline,http://www.bookman.com.tw/Store.aspx?advNo=35,捷運文化中心站3號出口,,,,,,,,,,,,,,,60,1725
獨立書店,獨立書店,致遠舊書店,,,,,,,830,高雄市 鳳山區(鳳山市),中山西路19-1號,120.354495,22.626311,每日17:00-22:00,,,,,,,,886-913-593632,,,,,捷運鳳山站,,,,,,,,,,,,,,,61,1200
獨立書店,獨立書店,復興二手書店,,,,,,,800,高雄市 新興區,新田路85-1號,120.3059,22.622941,週一～五10:00-12:00、15:00-22:00，週六～日15:00-22:00,,,,,,,,886-7-2410303,,barbarla0324@gmail.com,復興二手書店,,捷運中央公園站,,,,,,,,,,,,,,,62,970
獨立書店,獨立書店,時光二手書店,,,,,,,970,花蓮縣 花蓮市,建國路8號（花蓮市公所旁7-11對面巷子）,121.606992,23.982887,每日13:00-22:00，無公休日，年節公休另行公告。,,,,,,,,886-3-8358312,,bookslight@yahoo.com.tw,https://zh-tw.facebook.com/pages/%E6%99%82%E5%85%89%E4%BA%8C%E6%89%8B%E6%9B%B8%E5%BA%97/203747686323648,http://blog.roodo.com/bookslight,花蓮火車站編號1129「大同市場」站，1121「進豐街」站,,,,,,,,,,,,,,,64,957
獨立書店,獨立書店,舊書舖子,,,,,,,970,花蓮縣 花蓮市,光復街57號,121.606555,23.978155,週二-週日：13:00-22:00，週一公休,,,,,,,,886-3-8344586,,oldbookno8@yahoo.com.tw,舊書舖子粉絲專頁,,公車「台灣企銀」站,,,,,,,,,,,,,,,65,725
獨立書店,獨立書店,晃晃二手書店,,,,,,,950,臺東縣 台東市,漢陽南路139-1號,121.138227,22.76044,週一、週三-週日：14:00-22:00，週二公休,,,,,,,,886-914-073170,,089catbooks@gmail.com,晃晃二手書店,,公車「傳廣更生」站,,,,,,,,,,,,,,,66,743
獨立書店,獨立書店,佩績的店,,,"「佩績的店」成立於民國九十年，是一間專業的英文童書進口商。專注於「兒童文學」及「青少年文學」相關之書籍之進口及販售，因為專業使得「佩績的店」也逐漸在業界建立起獨特的口碑。除了在高雄唯一的實體商店之外，同時網路也於民國九十一年架設，經過數次的改版，期望能夠為讀者提供而多的服務。 
 
 
 
 民國九十四年開創「英文童書」租借的先例，民國九十五年於店裏開始舉辦各項推廣閱讀的活動，其中以「繪本導讀」、「英文讀書會」及寒暑假之「閱讀體驗營」，獲得最大的迴響，也給了南部的孩子提供了良好的英文閱讀環境。 
 
 
 
 在未來的幾年，我們仍會秉持初衷，在這個領域裏繼續努力。讓我們的下一代能有更好的英文學習資源及環境。",,,,,高雄市 三民區,山東街61號,120.311102,22.642847,週一 ~ 週六 9:00-18:00 (週日公休),,,,,,,,886-7-3135109,886-7-3135120,service@peggy-bookstore.com,,http://www.peggy-bookstore.com,,,,,,,,,,,,,,,,69,843
獨立書店,獨立書店,古今書廊(人文館),,,"從牯嶺街起家，生根台北，現落腳在「溫羅汀」書店街區，台電大樓旁巷內的老店：古今書廊，用其樸拙的風格，社區書店的親切，在台北都會中展現獨特風情。洗書、曬書、搶救一本好書，環保不是一種口號，而是一種生活的態度，你可以在古今書廊見證。
 
 人文館，有各式繪本、童書、CD、DVD、中外文學、文史哲用書，中外戰略戰史，典藏早期絕版書、期刊、雜誌等。
 
 從經、史、子、集到侯文詠、九把刀，或許，又能在旁邊羅門的詩集裡找回當年文藝青年的情懷，玩味書與書之間的微妙關係，也是逛書店與舊書買賣之外的收穫。",,,,,臺北市 中正區,羅斯福路三段244巷23號,121.530424,25.016634,每日12:00～22:00，除夕～初四公休,,,,,,,,886-2-23671797,,pnp.book@msa.hinet.net,https://www.facebook.com/pnpbook,http://pnpbook.blogspot.tw,捷運：從公館捷運站四號出口，出來之後直走，至台電大樓停下，久大文具行旁的巷子(海邊的卡夫卡那巷)，進入五十公尺後即可先看到博雅館招牌，再往前走三間，右手邊即為人文館。\公車：台電大樓站\汽車：汀洲路三軍總醫院有停車場,,,,,,,,,,,,,,,73,515
獨立書店,獨立書店,古今書廊(博雅館),,,"從牯嶺街起家，生根台北，現落腳在「溫羅汀」書店街區，台電大樓旁巷內的老店：古今書廊，用其樸拙的風格，社區書店的親切，在台北都會中展現獨特風情。洗書、曬書、搶救一本好書，環保不是一種口號，而是一種生活的態度，你可以在古今書廊見證。
 
 博雅館中，除了大專理工商農醫用書之外，還有中西畫冊、書法、攝影集、旅行書、自然圖鑑、食譜、音樂、命理、宗教、中英文小說、原文書等，更有各類歷史文獻與絕版好書。
 
 從梵谷、畢卡索到張大千、黃君璧漫遊無限幻想中，也許你還能在書海中找到心儀的攝影集，或書畫字帖。隨書畫遊山覽水，流連其間，玩味書與書之間的微妙關係。",,,,,臺北市 中正區,羅斯福路三段244巷17號,121.530609,25.016675,每日12:00～22:00，除夕～初四公休,,,,,,,,02-2363-6358,02-2363-6355,pnp.book@msa.hinet.net,https://www.facebook.com/pnpbook?fref=ts,http://www.pnpbook.com.tw/,捷運：從公館捷運站四號出口，出來之後直走，至台電大樓停下，久大文具行旁的巷子(海邊的卡夫卡那巷)，進入五十公尺後即可看到本店博雅館招牌。 \公車：台電大樓站 \汽車：汀洲路三軍總醫院有停車場,,,,,,,,,,,,,,,74,981
獨立書店,獨立書店,茉莉二手書店(影音館),,,"新影音館在2014年臘月遷移至現址， 
 
 同時轉型為二手影音產品(CD、DVD、黑膠唱片)專門店， 提供物超所值及多樣化的的影音商品讓顧客盡情選購， 地下一樓更規畫成多功能演藝廳，提供各類型講座及Live演唱。",,,,,臺北市 中正區,羅斯福路三段244巷10弄17號,121.531451,25.016188,每日12:00~22:00 （每年除夕至初四休）,,,,,,,,886-2-23677419,886-2-23642342,tm@molliebook.com,https://www.facebook.com/molliestoretm,http://www.mollie.com.tw/Store_4.asp,捷運公館站或是台電大樓站出來後，步行5分鐘皆可到達,,,,,,,,,,,,,,,75,549
獨立書店,獨立書店,茉莉二手書店(台中店),,,"茉莉走出台北的第一家分店，座落綠園道旁，面積廣達300坪。
 
 主要經營一般圖書、雜誌期刊、兒童圖書、影音產品、二手藝品...等。
 
 
 
 並設有「茉莉健康廚房」餐飲專區，
 
 提供寬敞的空間，舒暢的動線，讓讀者重拾「逛書店，淘好書」的樂趣，以少少的價格，獲得大大的回報。",,,,,臺中市 西屯區,公益路161號B1,120.662417,24.150739,12:00-22:00 （每年除夕至初四休）,,,,,,,,886-4-23050288,886-4-23052098,tc@molliebook.com,https://www.facebook.com/molliestoretc,http://www.mollie.com.tw/Store_5.asp,搭乘台中客運27、6107路或統聯客運81路於經國園道站下車步行約50公尺7-11旁,,,,,,,,,,,,,,,76,478
獨立書店,獨立書店,茉莉二手書店(高雄店),,,,,,,,高雄市 苓雅區,高雄市苓雅區新光路38號B1(高雄市立圖書館總館正對面),120.302118,22.611622,12:00~21:00,,,,,,,,886-7-2695221,886-7-2692750,kh@molliebook.com,https://www.facebook.com/pages/%E8%8C%89%E8%8E%89%E4%BA%8C%E6%89%8B%E6%9B%B8%E5%BA%97-%E9%AB%98%E9%9B%84%E5%BA%97/476730405732879?sk=timeline&ref=page_internal,http://www.mollie.com.tw/Store_7.asp,一、搭乘捷運於三多商圈下車，於一號出口出站，左轉沿著新光路右側步行約200公尺亞太財經大樓B1 二、搭乘公車100號、83號於自強三路口下車；214號於自強路口站下車。,,,,,,,,,,,,,,,85,912
獨立書店,獨立書店,鹿途中旅遊書店,,,是一間專為旅人設計的書店，提供各式旅遊書籍的買賣，也有代客訂書的服務。店內常會舉辦旅人的分享會，讓遠地歸來的故事從一個人傳遞給另一個人，然後繼續遠行。提供咖啡、茶品等，將舒適的空間留給旅人交流心得。,,,,110,臺北市 信義區,嘉興街28號,,,週一：15:00 - 21:00；週二至週五：11:00 - 21:00；週六：11:00 - 18:00，週日公休,,,,,,,,886-2-27207532,,deardeer110517@yahoo.com,鹿途中旅遊書店,http://deardeer.strikingly.com/,可搭北市公車1、1503、207、284、292、611、650及950至「吳興街口」站下車。捷運：台北101/世貿,,,,,,,,,,,,,,,88,70
獨立書店,獨立書店,Bookstore 1920s,,,Bookstore 1920s 位在臺北大稻埕，店內書籍以臺灣地方文史為多，也有介紹1920年代的書籍。Bookstore 1920s隸屬小藝埕一隅，往上走，二樓有咖啡座，三樓是劇場；也經常舉辦講座、音樂表演等活動，每年固定舉辦1920時代變裝遊行。經營團隊積極活化利用迪化街上的古老建築，與當地商家合作，希望重現大稻埕的往日風華。,,,,103,臺北市 大同區,迪化街一段34號,,,週一-週日：9:30 - 19:00,,,,,,,,886-2-25562520,,ask@artyard.tw,Bookstore 1920s,http://www.artyard.tw,可搭北市公車250、302、304（重慶）、757及紅25至「延平一站（南京）」站下車。,,,,,,,,,,,,,,,89,31
獨立書店,獨立書店,雅痞書店,,,雅痞書店是一個複合著電影、音樂、餐飲、藝術展覽等功能的書店空間。店裡不時會更動擺設，讓空間因著藝術化、生活化的衝突而擁有更多的可能性與包容性。,,,,106,臺北市 大安區,四維路154巷7號1樓,,,11:00 ~ 21:00，每周一、二店休,,,,,,,,886-2-27846219,,yuppybook@gmail.com,https://www.facebook.com/ArtReadingCafe/,http://www.yup.com.tw/,可搭北市公車278、285、294、52、556、902、905或敦化幹線至「成功國宅」站下車。,,,,,,,,,,,,,,,90,18
獨立書店,獨立書店,偵探書屋,,,偵探書屋是全臺灣第一家偵探小說的專門店，除了中文偵探小說以外，英、美、日的偵探類型故事也都相當齊全。各種類型小說如諜戰、玄秘、驚悚、歷史及推理小說亦繽紛多元。書店會舉辦不定期的作家分享，並售有茶飲。,,,,103,臺北市 大同區,南京西路262巷11號1樓,,,周二~周六 14:00~21:00；周日 11:00~18:00,,,,,,,,886-2-25597776,,murderinkbooks@gmail.com,偵探書屋 Murder Ink,http://murderink.tw/,可搭北市公車12、1501、1505、2、215、282、288、304（重慶）、306、46、52、622、711、棕9及紅25至「圓環（南京）」站下車。,,,,,,,,,,,,,,,91,55
獨立書店,獨立書店,心波力幸福書房,,,心波力幸福書房的負責人是位詩人，也是說故事訓練師，因而店內陳列許多童書、繪本與心靈成長的書籍，也有二手繪本的販售。定期舉辦文學、心靈開導講座，並開設課程教導說故事的技巧，亦有提供餐飲消費。,,,,251,新北市 淡水區(淡水鎮),重建街28號,121.43847,25.175579,週三至週日：14:00－19:00,,,,,,,,886-2-26257956,,newpoly20130728@gmail.com,心波力.幸福書房,http://newpoly.pixnet.net/blog,捷運「淡水」站，或可搭新北市公車1505、757至「重建街口」站下車。,,,,,,,,,,,,,,,92,41
獨立書店,獨立書店,書店,,,店主原是在網路上經營二手書拍賣，透過文化部書店圓夢計劃而在板橋地區開設了實體書店。目前店內主要販售二手書，另還兼營餐飲及雜貨販售，並不時舉辦講座、音樂、展覽等活動，以藝文活絡空間。對店主來說，書店是個與人互動的空間，也因於人的互動，讓書店的存在更有價值。,,,,220,新北市 板橋區(板橋市),大觀路一段29巷81號,,,週一至週日：11:30 - 20:00,,,,,,,,886-2-29671203,,bankfpallen@gmail.com,書店,http://www.ccbook.tw,可搭新北市公車234至「大觀國小」站下車。,,,,,,,,,,,,,,,93,39
獨立書店,獨立書店,綠書店,,,綠書店店主人夫婦自教職退休後，將五十年來累積的上萬本藏書用來開設這家二手書店。店內蘊藏著大量的科普類、命理、科幻、文學等類書籍，多為老闆常年來收藏的私房書，溫馨的閱讀空間處處有著綠能科學元素的小驚喜。每月不時舉辦各類型生活藝文講座、說故事、綠能體驗與手作活動，期許成為社區分享閱讀、幸福與生活的小角落。,,,,234,新北市 永和區(永和市),中正路151巷8弄18號1樓,,,周一周二公休，周三至周日13:00-20:00,,,,,,,,886-2-89422896,,greenbookstore.tw@gmail.com,綠書店 Green Bookstore,http://greenbookstore.pixnet.net/blog,可搭新北市公車1505、208、214、227、262、311及670至「得和路口」站下車。,,,,,,,,,,,,,,,94,54
獨立書店,獨立書店,書房味道,,,書房味道位於林口，除了二手書、珍本、古舊書販賣外，也同時販售店主從日本帶回來的手感雜貨、陶瓷茶具等。空間陳設簡單明亮，加上店主人對茶的認識專研，讓書房的點單上多了分特別的味道。書店同時以網路經營，可從中瀏覽販售資訊。,,,,24445,新北市 林口區(林口鄉),中正路356號,,,週三至週日：14:00 - 21:00,,,,,,,,886-2-86014370,,abookroom@gmail.com,書房味道 /abookroom,http://www.douban.com/people/abookroom/,"台北車站：西站1210往林口,""松柏蘆""站下。往竹林路,中正路左轉。市政府/松山機場/行天宮：搭1211到林口,竹林路仁愛路口下(摩斯漢堡)。往回走,中正路左轉。板橋車站,捷運新埔站：板橋公車站搭920,到林口""松柏蘆""下車往竹林路,中正路左轉。圓山站：搭936,林口""頭湖路口"",下車往前走,竹林路右轉,中正路再右轉",,,,,,,,,,,,,,,95,35
獨立書店,獨立書店,小兔子書坊,,,小兔子書坊位於平鎮，以童書為主要經營方向，中、外文繪本在店內也有許多選擇。每周固定會有親子繪本共讀，也時常以家庭關係為主題舉辦演講，在社區之中營造一處溫馨的空間。,,,,324,桃園市 平鎮區,民族路二段193巷15弄61號,,,週二至週五：09:30~18:00；週六：13:00~17:30；週日、週一：公休,,,,,,,,886-3-2811931,,bunnybook2011@gmail.com,小兔子書坊x綠兔子小舖,http://bunnybook.pixnet.net/blog,可搭中壢客運131、133至「佑民醫院」站下車。,,,,,,,,,,,,,,,96,53
獨立書店,獨立書店,晴耕雨讀小書院,,,位在平鎮離龍潭不遠處，地點是農田間的一排小巧木屋，門口有整理得相當舒適的一大片草坪。以生活風格為主題，店內書架皆親手打造，書籍以人文生活類二手書為主，也有一些店主親挑的同類新書。特別設置獨立刊物區，希望讓各個小地方的聲音聽見彼此。除了書，也提供有簡單茶點。,,,,324,桃園市 平鎮區,福龍路一段560巷12號,,,週三至週五：10:30 - 19:30；週六：10:00 - 20:00；週日：10:00 - 19:30；週一至周二公休,,,,,,,,886-3-4506377,,rachel8917014@gmail.com,晴耕雨讀小書院,http://neoq006.pixnet.net/blog,備停車場，建議開車前往，或可搭新竹客運5646至「山峰」站下車。,,,,,,,,,,,,,,,97,41
獨立書店,獨立書店,瓦當人文書屋,,,瓦當人文書屋的店主人原在出版社與媒體任職，之後夫妻二人回到竹東夫家，開設了這家二手書店。店裡書雖不多但都經過店主人的挑選；而開書店的原因則來自先生希望在生長的竹東小鎮留下一間街角書店，以重建社區生活型態，讓居民們能待下來和書籍、和人相處。店內不時舉辦討論會，以及和作家的見面會等活動。,,,,310,新竹縣 竹東鎮,大林路104號,,,週三至週日：13:00-20:00，週一至週二公休。,,,,,,,,0912-279505,,ahwa0827@hotmail.com,https://www.facebook.com/wadambooks/,http://wadambooks.blogspot.tw/,可搭新竹客運5609、5610、5626及5627至「玻璃廠前」站下車。,,,,,,,,,,,,,,,98,26
獨立書店,獨立書店,荒野夢二,,,荒野夢二是臺北布拉格書店的南遷，目前店內除販售二手書外，也有老闆娘特選的日系雜貨。以雜貨店自稱的荒野夢二，夫妻倆特地前往京都的惠文社書店取經，希望把有溫度有對話的閱讀空間帶回社區，讓書店成為居民的資訊中心，以及買書、訂書的便利站。,,,,330,桃園市 桃園區,中正二街 28 號,,,週一至週日13:00 - 20:00(不定休),,,,,,,,886-3-3379396,,miserneo@gmail.com,荒野夢二,http://aranoyumeji.blogspot.tw/,可搭桃園客運117、151及152至「中正商業大樓」站下車。,,,,,,,,,,,,,,,99,24
獨立書店,獨立書店,石店子69有機書店,,,石店子69有機書店以早年地址命名，進駐關西當地老街百年古厝的石店子69有機書店，店裡以二手書為主，鼓勵讀者以書換書。雖是老街新面孔，店主已經籌辦許多老街市集、閱讀分享、手工藝課程與藝文展演等活動，與社區居民協力，重新打造關西小鎮。,,,,306,新竹縣 關西鎮,中正路69號,,,週一至週日：10:00 - 19:00,,,,,,,,886-921-743789,,benlutw762402@gmail.com,石店子69有機書店,http://69bookstore-com.webnode.tw/,可搭新竹客運5634、5637、5638及5639至「石爺」站下車。,,,,,,,,,,,,,,,100,203
獨立書店,獨立書店,羅布森書蟲房,,,羅布森書蟲房選在烏日鄉間，是一間以生活美學、攝影和休閒文化為主題的書店。店內所有書架和桌椅皆可移動，轉換成可容納40餘人的講堂，用以舉辦文化、藝術、深度旅遊等各類講座。店內也提供餐飲服務。,,,,41491,臺中市 烏日區(烏日鄉),溪岸路8之3號,,,週三至週五：13:00~18:00；週六、日：10:00~18:00,,,,,,,,886-4-92526611,,books@lobsang.com.tw,羅布森書蟲房,http://books.lobsang.com.tw/,汽車： 中二高 > 草屯交流道下 > 台14往芬園方向 > 第五個紅綠燈（約1.1公里）右轉 > 約行走2.5公里羅布森書蟲房（附設停車場) 機車： 中彰or中投的機車道 > 接台14的機車道往芬園方向 > 第五個紅綠燈（約1.1公里）右轉 > 約走2.5公里 > 羅布森書蟲房（停車場）,,,,,,,,,,,,,,,101,38
獨立書店,獨立書店,新手書店,,,新手書店是一間鼓勵新手閱讀的書店。位於臺中勤美誠品的附近，規模不大的新手書店以抽屜當書架，陳列由店主人所挑選的一百本書，讓想學習閱讀的人有一個入門的途徑，不會因茫茫書海而退縮。,,,,403,臺中市 西區,向上北路129號,,,週一至週日：12:00 - 22:00,,,,,,,,886-2301-9749,,bookstoreforbeginners@gmail.com,新手書店,http://bookstoreforbeginners.blogspot.tw,可搭臺中客運27至「英才向上北路口｣站下車。,,,,,,,,,,,,,,,102,164
獨立書店,獨立書店,梓書房,,,梓書房位於臺中市四川路的大樓開放商店區，是一間社區型書店。以二手書籍、雜誌販售為主，也提供茶飲咖啡，和店家自作的點心，讓民眾享受寧靜的閱讀時光。此外，店家還兼差製作紙品印刷、兼賣手作文創。,,,,407,臺中市 西區,福人街89號,120.659241,24.142762,週三至週日：13:00 - 20:00,,,,,,,,,,paperbooks20140718@gmail.com,梓書房,https://www.facebook.com/wearepaperbooks,可搭臺中BRT藍線公車至「頂何厝｣站下車。,,,,,,,,,,,,,,,103,84
獨立書店,獨立書店,想想人文空間 Thinkers' Corner,,,想想Thinkers’ Corner店內有書籍、年輕設計師服飾和本地農產的相關商品，並會舉辦座談、演講等活動。店主規劃了英文、戲劇表演、寫作與閱讀的課程，提供長期教學支援給有需要家教或在家自學需求的社區內學生，另一方面也將以工作坊和讀書會的模式提供成人學習的資源。將社會運動和社區學習結合，是一個新型社會學習模型的社區據點。,,,,400,臺中市 中區,民權路78號,,,週二-週四:12:00 - 19:30；週五:12:00 - 21:30；週六:12:00 - 19:30；週日:12:00 - 18:30,,,,,,,,886-4-22296346,,,想想人文空間 Thinkers' Corner,,可搭乘臺中市公車1、5、11、21 、27 、32、50及藍2至「民權繼光街口｣站下車。,,,,,,,,,,,,,,,104,370
獨立書店,獨立書店,成功旅社農用書店,,,成功旅社農用書店是以溪州荒棄已久的成功舊旅社作為基地，重新整修，讓老建築不只承載地方的舊回憶。陳列著與地方文史相關的書籍，和在地社會連繫甚深的農業書冊為主。既取名「農用」，店內想當然地隨處放置著各式各樣的溪州當地農產品；結合書籍知識與地方產業，讓生活與文化巧妙的體現在一間書店裏頭。,,,,524,彰化縣 溪州鄉,溪州村復興路50號,,,星期(二)到(日)，9：00-18：00(12：00休息至13：30),,,,,,,,886-4-8891262,,hsichou.worker@gmail.com,成功旅社•農用書店,http://www.water-farmer.com.tw/,可搭員林客運「員林經溪州往二林」路線至「溪州站｣下車。,,,,,,,,,,,,,,,105,22
獨立書店,獨立書店,吾家書店,,,吾家書店位於臺南，已在當地佇立20個年頭。專賣兒童書籍、教材、益智遊戲等，也會舉辦親子讀書會、繪畫班課程，是一間提供小朋友學習的兒童書店。,,,,701,臺南市,崇明路367號,,,週一至週六：9:00 - 20:00；週日：公休,,,,,,,,886-6-2901867,,t2901867@yahoo.com.tw,吾家書店,,可搭臺南市公車3、88、H62、黃6、黃7及黃幹線至「文化中心｣站下車。,,,,,,,,,,,,,,,106,13
獨立書店,獨立書店,曬書店×新營市民學堂,,,曬書店是店主將一間有60多年歷史的貨運行重新整理後，成為當地的民間藝文中心，也是在地雜貨的交易站。一樓就有市集攤位，義賣二手物資、社區土產、六甲咖啡豆等；二樓的空間則提供租借，或由店家舉辦講座，也是二手書、CD、DVD販售的地方。二手書籍的種類有社會人文、藝術、自然生態、文學，和地方文化等，店內有茶飲可供消費。,,,,730,臺南市 新營區(新營市),中山路93-2號2樓,,,週二至週日：13:00 - 21:00,,,,,,,,886-6-6329266,,2booksite@gmail.com,曬書店×新營市民學堂,http://2booksite.blogspot.com/,可搭臺南市公車黃5、黃7、黃7及黃幹線至「三商｣站下車。,,,,,,,,,,,,,,,107,12
獨立書店,獨立書店,鶵鳥藝文空間,,,鶵鳥藝文空間除了書籍販售，也包辦許多講座與活動，海洋保育、生態旅遊、攝影課程到藝術展覽，都只是雛鳥多元經營的一小部份。鳥老闆熱愛賞鳥，定期發行「鳥報」，聊生態聊藝術聊社運聊這座島嶼大小事。走訪雛鳥，除了看書，別忘記帶上一包內行人才知道的海口人咖啡。,,,,880,澎湖縣 七美鄉,南港村9鄰尖山腳4號,119.428106,23.199298,週一至週日：12:00 - 21:00,,,,,,,,886-918-750429,,juv@drsea.com,鶵鳥藝文空間,http://juvart.pixnet.net/blog,開車：馬公航空站出來往南204甲縣道向右直行→新店路左轉→文山路/新生路/205縣道右轉直行→民生路/203縣道/205縣道右轉→中正路/203縣道左轉。,,,,,,,,,,,,,,,108,69
獨立書店,獨立書店,三餘書店 TaKaoBooks,,,三餘書店是由一群關注高雄文史的社運工作者所創立，蒐集以高雄為主題之書籍與文創商品，成為向外介紹高雄文化創意內涵，對內聚集高雄人文化思維的交流場所。店內除書籍販售外，定期舉辦文學、電影、音樂、展覽、旅行等活動，並以在地專家選書之方式，推薦深度閱讀之書目，分享高雄人的閱讀故事，並做為高雄閱讀社群發動之基地。而由於高雄地區欠缺獨立書店，因此三餘書店成立後，已成為高雄地區重要的人文活動空間。,,,,800,高雄市 新興區,高雄市新興區中正二路214號,,,週一：13:30 - 22:00；週三至週日：13:30 - 22:00,,,,,,,,886-7-2253080,,takaobooks@gmail.com,三餘書店 TaKaoBooks,http://takaobooks.tw/,捷運：於高捷橘線「文化中心｣1號出口，前行50公尺。,,,,,,,,,,,,,,,109,30
獨立書店,獨立書店,小房子書舖,,,小房子書鋪是高雄市蒲公英故事閱讀推廣協會所成立的一家公益兒童書店。店內以繪本為主題，除了販售品外，更收藏有豐富的國內外繪本以供閱讀，也舉辦音樂講座、英文讀書會以及生活講座及各種展覽活動。為書店、圖書館、展覽空間、少兒文學推廣學校四位一體的複合式閱讀公益書店。,,,,802,高雄市 苓雅區,文橫二路115巷15號,,,週三至週日：10:00 - 18:00,,,,,,,,886-7-3380887,,doslakaohsiung@gmail.com,小房子書舖,http://doslakaohsiung.blogspot.tw/,可搭高雄市公車11至「仁智街口｣站下車。,,,,,,,,,,,,,,,110,41
獨立書店,獨立書店,小陶壺書坊,,,小陶壺書坊位在屏東瑪家鄉的原住民文化園區，店主人是瑪家鄉的排灣族人，在這裡開設了Moagaii咖啡館，一旁則設立了小陶壺書店。書店販售臺灣出版的原住民族相關書籍、以及CD、DVD等有聲產品。,,,,903,屏東縣 內埔鄉,隘寮村11鄰中清巷5號,120.636484,22.704213,週二 至週日：8:30-17:00；週一公休,,,,,,,,886-910-812921；886-963-833253,,puraluyan047@yahoo.com.tw,,,開車：國道三號→長治交流道→台24/水源路右轉→沿台24線→忠孝路/沿山公路/185縣道向右轉 →忠孝路二段→自力路直行。,,,,,,,,,,,,,,,112,145
獨立書店,獨立書店,雨果部落書坊,,,雨果部落書坊位於秀林鄉的三棧部落內，外傍三棧溪，是一間以部落文化為特色的書店。店內空間寬敞，書籍以二手書為多，提供簡單飲品消費，店主希望讓書店空間能成為部落的心靈休憩地。,,,,972,花蓮縣 秀林鄉,景美村三棧38之1號,,,建議造訪前先電話聯絡,,,,,,,,886-929-112636,,yajoanlin@gmail.com,雨果部落書坊,,須開車：北部：新店→台9線→通過宜蘭和蘇澳→走新田路橋；新興路/新興路/蘇花公路/台9線→靠右→三棧路/花5鄉道→三棧路直行後右轉(位於右邊) 。南部：沿台11線從臺東到花蓮→台9線(蘇花公路)→走往新城鄉的花5鄉道→靠右→三棧路/花5鄉道→直行至三棧路。,,,,,,,,,,,,,,,114,11
獨立書店,獨立書店,松風閣茶館,,,松風閣位於金門大學旁的小巷內，店主從事教學工作，業餘時結合自身的喜好，將茶道與書店結合，營造人文空間的氣氛。店內以二手書為主，多為文史哲書籍；新書則以金門相關人文史地書籍為主。店內也販售簡餐、飲品。,,,,892,金門縣 金寧鄉,埔邊16號,,,週一至週日：10:00 - 18:00,,,,,,,,886-82-312879,,hotea1971@yahoo.com.tw,松風閣茶館,,開車：金門縣政府往地方法院→民生路經大同之家安養院→松鶴居→直行後右轉往埔後方向→埔後石碑附近、長壽佛桌前可找到指標→左轉直行(位於右邊)。,,,,,,,,,,,,,,,115,10
獨立書店,獨立書店,旅二手概念書店,,,旅二手概念書店的空間是跟宜蘭大學承租空教室而來，主要以二手書籍、CD為主，也設有咖啡、輕食及文創商品。店內二手書以旅行主題為大宗，其他如教科書、原文書、童書、繪本也都有；另有特定的書櫃介紹宜蘭當地作家及獨立出版品。,,,,260,宜蘭縣 宜蘭市,神農路一段1號,,,週一：12:00 - 21:00；週三至週日：12:00 - 21:00；週二公休,,,,,,,,886-3-9362117,,voyagebookstore@gmail.com,旅二手概念書店,http://blog.roodo.com/voyagebookstore,開車：國道5 號(蔣渭水高速公路)宜蘭交流道(38k)下→沿縣191甲直行→縣民大道二段路口右轉直行接嵐峰路→進士路口右轉直行約 500 公尺。(宜蘭大學側門郵局旁)。,,,,,,,,,,,,,,,117,14
獨立書店,獨立書店,刺鳥咖啡獨立書店,,,位在牛角油庫北方的12據點，建議遊客從縣議會後方，沿著石砌步道，首先步行至「16據點」，再往上行走，可步行抵達「12據點」，沿途可瀏覽牛角澳口海景與遠眺北竿列島，是參訪牛角聚落之餘，值得順道一遊的兩座軍事據點。,,,,209,連江縣 南竿鄉,復興村13鄰222號(12據點),,,每日10：00-21：00,,,,,,,,886-933-008125,,,刺鳥咖啡獨立書店粉絲專頁https://www.facebook.com/12cafes/,,到馬祖南竿後，向當地人詢問即可。,,,,,,,,,,,,,,,118,12
獨立書店,獨立書店,櫞椛文庫,,http://cloud.culture.tw/h_upload_ccacloud/cms/image/A0/B0/C0/D27/E193/F711/ecce2b60-b77c-42c2-be6f-1e2754f3efef.JPG,一間隱身於中山區巷弄內的「計時制」私設圖書館。我們由衷地希望來到這裡的人們，都能夠閱讀各種形式的美。,,,,,臺北市 中山區,中山區中山北路一段56巷2之1號2樓,121.524686,25.072631,平日:13:00-21:00 六日 14:00-18:00,,,,,,,,02-25221795,,kulida@gmail.com,,,,,,,,,,,,,,,,,,0,221
獨立書店,獨立書店,大陸書店,,,大陸書店展售中外音樂書籍、鋼琴、小提琴、吉他…等各種樂器的學程教材及樂譜；手作藝術類書籍、期刊－－裁縫、毛線編織、壓花、十字繡、不織布、黏土、刺繡、拼布、串珠…等，更收藏了逸品級的『書道全集』等書法字帖、繪本，每每讓人有『挖寶般』流連忘返的新鮮感。,,,,,臺北市 中正區,衡陽路79號3F,121.510993,25.042337,週一～週日 09:00 ～ 21:00 (除夕至初五休),,,,,,,,886-2-23113914,,talu@talubook.com,https://www.facebook.com/muse.talubook/,https://www.talubook.com/,捷運西門站4號出口,,,,,,,,,,,,,,,121,104
獨立書店,獨立書店,鴻儒堂書局,,,"創立於1936年，專門經營日文書籍及日文雜誌，及各種日語學習教材、台日關係研究書籍等。
 
 同時有日本最新的出版資料供讀者查詢，並可代理訂購。",,,,,臺北市 中正區,台北市博愛路九號五樓502室,121.513756,25.046237,週一～週六：上午 10 : 00 - 下午 18 : 00 止 / 國定假日：上午 11 : 00 - 下午 18 : 00 止 (星期日公休),,,,,,,,02-2311-3810；02-2311-3823,02-2361-2334,,https://zh-tw.facebook.com/hjtbook/,http://www.hjtbook.com.tw,捷運台北車站懷寧街（Z8）出口，星巴克旁溫州大餛飩巷內,,,,,,,,,,,,,,,123,59
獨立書店,獨立書店,艾比露比外文書店,,,"在Ruth 及Johnson所合著的<<The carrot seed>>裡，有個小男孩，某天種下了一顆蘿蔔種子，儘管身旁的每個人都告訴他，蘿蔔不可能長出來，但他還是堅持自己的信念，每天為這顆人人唱衰的蘿蔔澆水、除草、靜靜的等待它長出來。直到有一天，蘿蔔跌破了大家的眼鏡，倏忽之間長得跟大樹一樣高。小男孩歡歡喜喜地將它摘下，推著放著大蘿蔔的推車回家。
 
 
 
 在閱讀風氣不高、削價競爭的台灣要經營個網路/實體小書店，實在很不容易。以推廣親子英文共讀至自行閱讀為己任、專營書籍銷售的我們，就像種蘿蔔的小男孩，儘管外界並不看好，儘管親人屢屢勸退，儘管打折書還是會被比價後要求降價，但我們還是堅信，只要是正確的事，就值得努力去做。我們希望能推廣閱讀，讓孩子能看見世界不同的角落；我們希望推廣閱讀，讓弱勢族群可以被看見；我們希望推廣閱讀，可以讓愛傳出去。因為我們相信，親子共讀能促進親子關係，閱讀能教養出善解人意的孩子，閱讀能使我們善待異己，閱讀能拯救貧窮，閱讀能使世界更美好。
 
 
 
 我們關心孩子、我們關愛女人、我們關懷弱勢。
 
 
 
 這世界總是需要幾個愚公、幾隻精衛，幾個磨鐵杵的武氏，讓孩子們相信，夢想值得被實踐。",,,,,臺北市 松山區,饒河街175號2樓,121.575924,25.050641,已全面發展線上外文書店。門市無固定開放時間，只接受老顧客預約看書。,,,,,,,,02-2747-7808,,無。只使用官網留言版及臉書分絲團私訊。,艾比露比外文書店粉絲團,http://www.abbyrubybooks.com,捷運松山站2號出口，饒河夜市內(只接受老客戶預約時間看書),,,,,,,,,,,,,,,124,84
獨立書店,獨立書店,聯經書房 上海書店,,,"聯經出版公司成立後，為提供更加完善的服務品質，在1979年成立聯經書房的前身──聯經新生門市，並於2012年整合門市資源後改名為聯經書房。走過數十個年頭，聯經書房見證了溫羅汀書店群的發展變化，自身也因應讀者的閱讀習慣求新求變，數度調整店內的櫃位，因此排列方式也以貼近讀者的使用情形為主。
 
 而上海書店則是2005年2月成立，2012年搬遷至新生南路現址，加入簡體書店林立的溫羅汀書店群。上海書店從綜合型轉變成文史類書籍為主的簡體書店，不變的是：堅持在眾多出版品中淘選出值得閱讀的好書。
 
 在聯經書房和上海書店，你可以看到台灣、香港出版的繁體書與中國出版的簡體書並陳，一次搜羅需要的研究材料或喜好，十分便利。
 
 我們也時常在店內籌辦「人文講堂」，廣邀學者、作家與讀者進行深度分享和對話。秉持推廣藝文活動的宗旨，也非常歡迎機關團體向我們租借場地舉辦活動。",,,,,臺北市 大安區,新生南路三段94號1樓、B1,121.533161,25.017524,每天上午11點至晚上10點(除夕至大年初三公休),,,,,,,,02-23620308#201(繁體書業務);#202(簡體書業務),,lkstore2@udngroup.com,https://www.facebook.com/lkshbook,http://www.linkingbooks.com.tw/LNB/index.aspx,離聯經書房最近的捷運站是新店線(綠線)的公館站，從三號出口出來後沿著臺灣大學的圍牆往前走，走到臺大正門後就能看到位於校門斜前方的聯經書房了。,,,,,,,,,,,,,,,125,268
獨立書店,獨立書店,新星巷弄書屋,,http://cloud.culture.tw/e_new_upload/cms/image/A0/B0/C0/D25/E216/F572/48a9f036-cb45-413c-a36f-e07a9f6de550.jpg,"台北－桃園段的台1甲線，行經桃園區復興路、龜山區萬壽路，您總只是路過；「龜山」驛站，您必要但也可以不需要。
 
 位於龜山市區巷弄內的獨立書店，慢慢讓閱讀成為日常；讓藝文資訊交流，聊書同時療舒。
 
 除了二手書、童書繪本，也有店長精選新書、獨立刊物等等，與人們分享閱讀品味；規劃人文講座、說故事活動、讀書會豐富心靈生活，也讓紙本書的溫度暖入人心。
 
 書屋邀您「慢」閱讀，在一方小天地裡遇見最初、最美的自己。",,,,,桃園市 龜山區,明興街61巷8號,,,平日 週二~週五 14﹕30-20﹕00 假日 週六12﹕00-18﹕00,,,,,,,,03-3505065,,smallyun@gmail.com,,,,,,,桃園市,,,,,,,,,,,5ab7aaed6e5e4ed3034a0029,248
獨立書店,獨立書店,方圓書房,,http://cloud.culture.tw/e_new_upload/cms/image/A0/B0/C0/D27/E133/F810/0147db3c-ad0f-4eff-bc1f-26c81cf3e6ac.jpg,,,,,,桃園市 楊梅區,萬大路129巷1號,121.13667,24.924212,每周六 日 10:00~18:00,,,,,,,,03-4821228,,,,,,,,,,,,,,,,,,,,5ab9d8676e5e4ed3034a003e,95
獨立書店,獨立書店,瓦當人文書屋,,http://cloud.culture.tw/e_new_upload/cms/image/A0/B0/C0/D9/E132/F251/719e40a2-7505-49b9-a8ac-af8eca96c535.jpg,"❤交流：走進來的你們，是書店最美的風景。
 
 ❤分享：相契的剎那，世界是多麼美好啊。",,,,,新竹縣 竹東鎮,大林路104號,121.044975,24.774921,週三~日13:00-20:00 週一二公休,,,,,,,,03-5952625／0912-279505,,ahwa0827@hotmail.com,,,,,,,,,,,,,,,,,,5abb63856e5e4ed3034a004b,9
獨立書店,獨立書店,恬野書,,http://cloud.culture.tw/e_new_upload/cms/image/A0/B0/C0/D6/E183/F759/10ea4240-3a20-487b-8077-f922c25cf445.jpg,恬野書是一間以環境土地、身心靈以及社會人文為主題的獨立書店，除了選書、講座相應以上主題之外，裝潢時有不少「環境友善」的實踐，包括：複層玻璃、隔熱材、雨水蒐集、天然塗料、舊物再利用、FSC認證的台灣層板；日常營運亦以「環境友善」為目標：使用再生衛生紙、「袋袋相傳」、低衝擊清潔劑以及供應成分天然單純的點心/飲料，並販售玻璃與不鏽鋼吸管、布衛生棉、再生紙筆記本。,,,,,臺北市 大安區,信義路二段32號,121.542957,25.034544,星期二-星期六，12:00-7:00pm（每月可能稍有不同，以粉絲頁公告為主）,,,,,,,,958873015,,joywildbook@gmail.com,,,,,,,,,,,,,,,,,,5ac74df4aaa36011b2e93c93,25
獨立書店,獨立書店,STAY旅人書店,,http://cloud.culture.tw/e_new_upload/cms/image/A0/B0/C0/D10/E151/F623/7f927058-f241-40c9-ae99-ed6cae34d2cf.jpg,,,,,,宜蘭縣 宜蘭市,碧霞街14號,,,THU-MON.11:00-18:00,,,,,,,,39325957,,jay049@gmail.com,,,,,,,STAY旅人書店,,,,,,,,,,,5acc63116e5e541f9d5c55a7,58
獨立書店,獨立書店,孩好書屋,,,,,,,,花蓮縣,花蓮市民權路37-1號,121.60157,23.98716,周四~周一 11：00-19：00 周二、周三公休,,,,,,,,910951113,,goodforkid2016@gmail.com,,,,,,,,,,,,,,,,,,5acc7e576e5e541f9d5c55b0,13
獨立書店,獨立書店,找。Show How書屋,,http://cloud.culture.tw/e_new_upload/cms/image/A0/B0/C0/D10/E196/F105/fee90b17-8307-4c13-9c2e-17c85f1b7c7e.JPG,"生命過程裡，人們總不斷尋覓。 總是在尋找，某種空間、某個物件、某人、一點想法、某些感覺。在不同的時空裡，我們有著不同的尋找。接著，我們想邀約同好以及新朋友，再度開創一個更有趣的空間。
 
 找 ● Show How 有書、有偶遇、還有一些小物件",,,,,桃園市 中壢區,文化路36號,,,14:00-20:00,,,,,,,,03-4556119,,sh1010501@gmail.com,,,,,,,,,,,,,,,,,,5acca682aaa3936af3adc2f7,46
獨立書店,獨立書店,讀字書店,,http://cloud.culture.tw/e_new_upload/cms/image/A0/B0/C0/D15/E192/F934/ea685158-bfc1-4f44-95b9-6d61d0555cd4.jpg,賣書、說書與安坐的場域。也或許，所有與創作關聯的魔幻之謎都能因此深刻成為；而你有機會遇見更懂自己的那本書，讓生活裡的一切沿線索其來有自，找到前行的去處。,,,,,臺北市 大安區,台北市大安區和平東路一段104巷6號,121.542957,25.034544,週四至週一：14:00-22:00，週二、三公休,,,,,,,,(02)23696344,,duzubooks@gmail.com,,,,,,,,,,,,,,,,,,5ad335c8aaa31756bac6f0ac,81
獨立書店,獨立書店,河邊生活Liv'in Riverside,,http://cloud.culture.tw/e_new_upload/cms/image/A0/B0/C0/D15/E193/F171/8ac72592-c4e1-4efa-8fc1-7b679290842e.jpg,【河邊生活】是一個推廣台灣文化的複合式平台。我們透過結合書店、藝廊與文化講座的方式，經由閱讀、舉辦工藝展覽和文化講座，創造都會居民與在地工藝、社區、部落產生連結與互動的場域。我們將生活工藝產品融入現代都會消費社會的生活脈絡中，讓生活在都市的人們可以從熟悉的日常生活體驗中，逐漸體察自身的生命經驗並感受工藝與文化內蘊的深刻感動。,,,,,臺北市 大安區,台北市大安區新生南路三段16-1號,121.542957,25.034544,週一~週日 14:00-20:00,,,,,,,,(02)2368-8825,,livinriverside@gmail.com,,,,,,,,,,,,,,,,,,5ad335f8aaa31756bac6f0ad,10
獨立書店,獨立書店,詩生活-詩人雜貨店,,http://cloud.culture.tw/e_new_upload/cms/image/A0/B0/C0/D17/E181/F96/dbb2b42d-dbad-459a-a469-c4819911a38e.jpg,"詩生活 poetry in life
 
 第一家以詩為主題元素的複合式生活空間
 
 【詩集※詩餐飲※詩商品※詩人選物】",,,,,臺北市 大同區,承德路二段75巷37號,121.510036,25.043204,周三至周一14:00-20:00，周二公休,,,,,,,,02-25581343,,,,,,,,,,,,,,,,,,,,5ad5c6c96e5ebe3cf7ec67bf,68
獨立書店,獨立書店,瑯嬛書屋,,http://cloud.culture.tw/e_new_upload/cms/image/A0/B0/C0/D17/E186/F297/6abe03ea-2efc-441c-a4db-c8ec7502cf32.jpg,"推廣閱讀，提供社區一個文化資訊的流通處與心靈補給站；打造性別友善空間，促進社會歧視與偏見的消解。
 
 
 
 【交通方式--我們就在元智大學/興仁國小旁】
 
 ◆火車：內壢站下車，出站向右轉至中華路與興仁路，右轉興仁路，過自強國中直行榮民路約200公尺，看見自由聯盟超市，對面巷子進去就是瑯嬛書屋。
 
 
 
 ※也可於火車站的前站或後站，騎乘UBIKE約5分鐘就可抵達書店，可將腳踏車停至""""自強公園""""。(使用悠遊卡或一卡通租借UBIKE前30分鐘不用收費喔!!)
 
  
 
 ★公車：從桃園搭1路市公車，在內壢站(中華路)下車，步行約15分鐘。或從中壢搭156往華勛社區或155路公車往元智大學於""榮民路165巷""(站牌名稱)下車，自由聯盟超市對面巷子即可抵達書屋。
 
  
 
 ★自行開車者於內壢/大園交流道出口接省道中華路(台一線)左轉往內壢約2.5公里，再按路標指示左轉興仁路直行即可到達。附近有一處收費停車場(興仁親子公園步行約3分鐘)。",,,,,桃園市 中壢區,榮民路165巷6號,121.2054,24.97215,請查看臉書粉專,,,,,,,,03-4553623,,l.h.bookstore@gmail.com,,,,,,,,,,,,,,,,,,5ad5d37daaa31756bac6f0bc,33
獨立書店,獨立書店,見書店,,http://cloud.culture.tw/e_new_upload/cms/image/A0/B0/C0/D18/E113/F765/6c121621-20c5-465c-ad17-c955da1f3059.jpg,"Sea to See,To See the City.
 
 
 
 見書店Sea To See Bookafé想打造的是一個休憩的地方，對外來的人來說，這裡可以是挖掘基隆故事的沙灘，對微型創作家來說，這裡是激發靈感的礁石，對文化人來說，這裡會是思辨的浪花，最重要的是，對基隆人來說，這裡是心中停泊的港灣。
 
 
 
 藉由基隆這個海洋城市，我們決定以「海」作為中心去延伸。而我們所談的「海洋」不只是局限於以海作為背景或一定得有討海、遠洋經驗的書寫，也不會只重知性的自然寫作或生態的環保論述，而是那些蘊藏「海與岸」的符碼，呈現不同的海洋生活與文化觀點，同時激盪著基隆與海洋之間的文化浪花。",,,,,基隆市 仁愛區,基隆市仁愛區仁二路236號1樓,121.740067,25.132939,,,,,,,,,02-2428-1159,,seatoseebookafe@gmail.com,,,,,,,,,,,,,,,,,,5ad6bb9daaa31756bac6f0be,537
獨立書店,獨立書店,93巷人文空間,,http://cloud.culture.tw/e_new_upload/cms/image/A0/B0/C0/D18/E154/F601/6e0f2a9e-ccdc-4222-994e-773a4c6e78cf.jpg,"遠見．天下文化事業群 專屬空間 / 學．書．食．飲．花
 
 
 
 一個不大的空間，有書、有咖啡、有知識份子進出、有人文氣息瀰漫、有進步觀念激盪，隱身於台北的一條小巷。
 
 
 
 松江路上的九十三巷，提供了一個可能。我們結合了精緻的書本、誘人的咖啡及點心，以及多姿多采的人文活動，提供一個可以靜思、閱讀、談話、以及學習的場所。
 
 
 
 期許著，更多有形和無形的人文空間，在更多城市，尤其是在人們的心靈裡，出現！",,,,,臺北市 中山區,松江路93巷2號,121.524686,25.072631,週一至週六 7:45-21:00 | 週日和國定假日 7:45-18:00 | 每月最後一個周日公休,,,,,,,,(02)2509-5085轉753、754,,encounter@cwgv.com.tw,,,,,,,遠見‧天下文化事業群,,,,,,,,,,,5ad6f64f6e5e99db95a6f95e,29
獨立書店,獨立書店,戲台書店,,http://cloud.culture.tw/e_new_upload/cms/image/A0/B0/C0/D19/E124/F835/c565403b-dac6-4d30-bc02-2480cd165f4a.jpg,"書店紅磚牆為兩廳院原本構造，也是劇場側台常見的紅磚牆面。
 
 劇場人常用的瑞克箱，搖身變成書店桌檯展櫃。 隨處可見的劇場花天帕燈，在書店轉換成檯燈。
 
 書店提供閱讀者隨處可坐下的閱讀椅，椅背椅面適用國家戲劇院拆卸下來的舞台地板奧勒岡松木。
 
 劇場人的書店，裡面有劇場人的專業書籍與培養創意視野的非專業書籍，打破傳統書籍分類模式，創新『人生劇場四大象限』分類法。 除了展售書之外，還有很多劇場人使用的各種萬用工具。",,,,,臺北市 中正區,台北市中山南路21-1號 國家戲劇院 愛國東路側,121.507818,25.039382,09:00-22:00,,,,,,,,02-23971920,,ask@theatercafe.tw,,,,,,,,,,,,,,,,,,5ad81d2a6e5e5b40140d06ab,28
獨立書店,獨立書店,微貳獨冊,,http://cloud.culture.tw/e_new_upload/cms/image/A0/B0/C0/D19/E154/F44/6b16b55f-96f8-4a53-acf3-5519d3cad4ca.png,"文字圖像，是人們一直以來用來紀錄歷史點滴的媒介；書籍，這些圖文媒介的集結匯流。回想學生時候，智慧手機平板不普及的那些從前，大家手上翻閱著的是各樣式的，充滿著語文、哲理、故事及青春的書籍，豐富了多數人的當時。
 
 
 
 唯一獨二，讓人拾起書本的觸感。",,,,,臺北市 大安區,光復南路346巷56號,121.542957,25.034544,11:00～20:00，週二休息，其他依活動時間而定,,,,,,,,02-27769926,,orlando@waytoread.com.tw,,,,,,,,,,,,,,,,,,5ad846eeaaa3ead8068c6fa5,9
獨立書店,獨立書店,青鳥書店,,http://cloud.culture.tw/e_new_upload/cms/image/A0/B0/C0/D26/E173/F276/6a7eca27-f6c3-4837-8555-4ae2267fd8bf.jpg,"建一間屬於自由的書店
 
 不是為了獨立、不是為了隔絕，是為了自由；自由才可以追尋幸福，這是青鳥的本質。
 
 
 
 在二元框架的世界裡，獨立像是一種相對於不獨立，主流與非主流的論述，自由的基礎若能在框限中跳躍著，掙脫既定思考，讓書店能自在產生獨立、連鎖、複製、風格、媒體的未來想像。",,,,,臺北市,台北市中正區八德路一段一號,121.559834,25.091075,一-日 10:00-21:00,,,,,,,,(02)2341-8865,,bleubook2016@gmail.com,,,,,,,,,,,,,,,,,,5ae19a776e5e5b40140d06f5,12
獨立書店,獨立書店,天河書屋,,http://cloud.culture.tw/e_new_upload/cms/image/A0/B0/C0/D27/E182/F219/1e384bc9-3498-473e-b527-ba1ae7e263b9.jpg,"在校園中的獨立書店
 
  人類的第一次閱讀，是從仰望夜空開始。
 
 
 
 當脊柱演化到足以支撐起碩大的頭部，我們於夜空舉目向上，那眨閃羅布的亮點，如此迥異於白日所慣習的山川草木等日常。「那是什麼呢？」我們看得出神，不自覺的開始尋找星星排列移動的意義與規則，同時感覺寧靜、神祕而美麗，漫漫長夜也不再難熬。
 
 仰望夜空，面對宇宙，思索自己的所來將去，是亙古的人權。於是人類開始發問，開始有了文明，文明成字、然後成書。
 
 雖然大家都說，我們再也不閱讀了，但那跟不再觀星一樣，只是被屋頂屏蔽久了，忘了。
 
 
 
 或許在某個受到感召的夜晚，或許有機會遠離了城市，或許只是停了電，我們走回夜空之下，抬頭一望，連複習都不用，一切感覺瞬間回歸，星星就在那裡。",,,,,桃園市 中壢區,遠東路135號(元智大學 學生活動中心),121.2054,24.97215,,,,,,,,,03-2850583,,milkywaybooks583@gmail.com,,,,,,,,,,,,,,,,,,5ae2f9036e5e5b40140d06fe,6
獨立書店,獨立書店,知文創藝書坊,,http://cloud.culture.tw/e_new_upload/cms/image/A0/B0/C0/D28/E113/F492/f4b29855-007c-4a2a-be09-7db3a8312fd5.jpg,被稱為『找回愛情的書店』，位於鹿港國中旁的『知文堂創藝書坊』，是以創作型態分享的獨立文創書店。店主夫妻王凱鶴與尤秋玲分別為藝術與文字創作者，30年前同為鹿港國中同學，30年後攜手在母校旁設立知文堂，希望結合藝術創作與生活和大家分享。,,,,,彰化縣 福興鄉,彰化縣福興鄉橋頭村復興路112巷3號(鹿港國中旁),,,週三-週五上午10點半到晚上6點。週六週日上午10點半到晚上8點,,,,,,,,04-7786468,,zwt588@gmail.com,,,,,,,文化局,,,,,,,,,,,5ae3eb156e5e5b40140d0700,5
獨立書店,獨立書店,有此藝說,,,,,,,,彰化縣 花壇鄉,花秀路12號一樓,120.56245,24.028845,週四、五、六、日、一,,,,,,,,,,,,,,,,,,,,,,,,,,,,5ae81cb0aaa3ead8068c6fe9,7
獨立書店,獨立書店,燦爛時光東南亞主題書店,,http://cloud.culture.tw/e_new_upload/cms/image/A0/B0/C0/D8/E161/F792/2817b9ea-0e2a-4366-a452-861081714eaa.jpg,"新北市中和區的南勢角，是緬甸華人在台灣的聚集區，也是「燦爛時光東南亞主題書店」的所在地。不過，「燦爛時光」不只希望與緬甸族群、東南亞移民工交朋友，也希望接觸所有的異鄉人、本地人。希望異鄉人能在翻閱母語書時眼睛一亮，也希望本地人在這裡發現世界的多元與美妙，找到自己的燦爛時光。
 
 
 
 成立於2015年潑水節的「燦爛時光」，有東南亞各國文字的書籍、文物、手工藝品，也有中文、英文的東南亞主題書籍。二樓的木地板空間，展覽東南亞移民工的畫作、舉辦東南亞講座、放映非主流紀錄片。三樓的教室，則是東南亞語言的交流場所。
 
 
 
 「燦爛時光」的書籍來源和流通方式都很不一樣。這些書來自「帶一本自己看不懂的書回台灣」的運動，由善心人士捐贈。如果你要把這些書帶回家，必須「原價借出（不打折）」，但是還書時，則可領回原價。為了讓同一本書的前後讀者透過書籍交流，感受彼此的溫度，「燦爛時光」也鼓勵讀者在書本上畫線畫記號、寫眉批寫心得。而為了讓更多異鄉人有機會看書，2016年起的每個星期天下午一點到五點，我們也在台北車站大廳F24柱子旁提供借閱服務。
 
 
 
 「燦爛時光」這個名字，來自天下雜誌替已故學者成露茜所出版的傳記《燦爛時光：Lucie的人生探索》。Lucie一生大開大闔、勇於探索，無論身在何處，都能找到燦爛時光。畢竟，真正燦爛的不是陽光、不是星光，而是善良又好奇的靈魂。",,,,,新北市,新北市中和區興南路一段一三五巷一號,121.417046,25.140605,2:00 pm~ 9:00 pm,,,,,,,,02-29435012,,readingmakesmefree@gmail.com,,,,,,,,,,,,,,,,,,5af15d196e5ee2030723d874,6
獨立書店,獨立書店,SEAMi 望見書間,,http://cloud.culture.tw/e_new_upload/cms/image/A0/B0/C0/D9/E172/F95/868bc80e-182f-495a-afa3-0fbab841ee4d.jpg,"「望見書間」(SEAMi, SouthEastAsian Migrant Inspired)是一間有別於模仿歐美日的藝文書店。我們以「分享」、「相互理解」與「多元美學」等三個理念，來打造一個文創平台。在這個品牌概念下創造一個友善移民工的藝文空間，提供「分享式書店服務」、「社群媒體近用服務」和「個人出版服務」等。
 
 
 
 這不只是一間書店，更是一個在台灣落實的文化行動，讓多元、平等、想像力都能散溢到台灣每個角落。
 
 
 
 
 
 圖片擷取自政大之聲實習廣播電台網站
 
 
 
 本資料由文化部委託台灣閱讀推進協會建構，建立日期為107年5月9日。",,,,,桃園市 桃園區,桃園市桃園區延平路17號2樓,121.298601,25.017472,週二至週日：13:00-21:00,,,,,,,,0933 197 171,,mi@seami.asia,,,,,,,,,,,,,,,,,,5af2bd176e5ee2030723d876,13
獨立書店,獨立書店,Mangasick,,http://cloud.culture.tw/e_new_upload/cms/image/A0/B0/C0/D9/E174/F454/7c29f263-8923-47c9-878a-d34a5c41f25d.JPG,"Mangasick是2013年於台灣台北市公館開業的次文化漫畫書店，提供書籍內閱服務，亦販售精選的漫畫、zine及其周邊，接受少量代訂。
 
 內閱區的中文／中譯漫畫藏書以青年漫畫為主；日語原文漫畫藏書囊括1960至2010年代各類型非主流作品，包括漫畫、畫冊、雜誌、zine、評論書。販售區可購得台、日、中、港四地的另類漫畫、zine、週邊商品。引進日文刊物之餘，我們也開始將台灣的作品引介給日本次文化書店。
 
 2015年8月起增設展覽空間，每月舉辦展覽。不定期以Mangasick名義推出台日兩地創作者的出版品。
 
 
 
 圖片擷取自Mangasick官方部落格
 
 
 
 本資料由文化部委託台灣閱讀推進協會建構，建立日期為107年5月9日。",,,,,臺北市 中正區,台北市中正區羅斯福路三段244巷10弄2號B1,121.507818,25.039382,週四至週一：14:00-22:00，每週二、三公休（詳細營業時間請依店家公告為主）,,,,,,,,(02)2369 9969,,mangasickmanga@gmail.com,,,,,,,,,,,,,,,,,,5af2c0a8aaa3c6afbbf0bba8,4
獨立書店,獨立書店,閱樂書店,,http://cloud.culture.tw/e_new_upload/cms/image/A0/B0/C0/D13/E154/F675/22ba6ffd-39ac-4a41-ba0a-9fbdb869c35d.jpg,"閱樂書店是這座城市最奇幻的書店。建於1954年，原為松山菸場內位於製菸工廠南側的育嬰室，代表了早期工業時代重視員工福利的精神，是戰後臺灣省政府財政廳公賣局時期的作品，因營造的承商、材料等體系傳承，建築沿用日本風格。2001年被登錄為歷史建築，2004年為配合大巨蛋興建，育嬰室建築被解體後遷至目前的生態池畔復建。2013年成為夢田文創的戲劇《巷弄裡的那家書店》的主場景「閱樂書店」，並於拍攝後實地營運。2016年，閱樂邀請到文化人張鐵志擔任總顧問，重新開幕。現在這裡是書店、咖啡館，也是藝文展演空間，一個孕育思想與創作的場所，a birthplace of ideas。
 
 
 
 圖片擷取自閱樂書店臉書粉絲專頁
 
 
 
 本資料由文化部委託台灣閱讀推進協會建構，建立日期為107年5月13日。",,,,,臺北市 松山區,台北市信義區光復南路133號（松菸文創園區內）,121.544833,25.048305,09:00-21:00,,,,,,,,(02)27491527,,yueyue.service@gmail.com,,,,,,,,,,,,,,,,,,5af7ec9eaaa3c6afbbf0bbb0,7
獨立書店,獨立書店,紀州庵文學森林 文創書店,,http://cloud.culture.tw/e_new_upload/cms/image/A0/B0/C0/D13/E164/F91/b247e801-edfb-41d4-94d5-428fcee6730d.jpg,"由位居城南的紀州庵輻射出去，涵括鄰近的同安街、廈門街、金門街、牯嶺街，遠至師大與臺大學區，是臺灣戰後文學發展史上舉足輕重的場域。包括《臺灣新生報》「橋」副刊、藍星詩社、《文學雜誌》、《現代文學》等媒體刊物；中國文藝協會等藝文機構；洪範、爾雅、遠流等出版社，曾以此為據點。作家王文興、余光中、林海音、林良等人曾駐居於城南這一帶。2011年，臺北市政府文化局因城南豐厚的文學歷史，寄予「紀州庵」成為臺北市第一個以文學為主題的藝文空間，在古蹟旁建立之新館，自6月起，委託專業文學團隊──財團法人台灣文學發展基金會經營，以「紀州庵文學森林」為名，進行各式文學的展演與推廣活動，2011年12月24日正式開館。
 
 文創書店讓文學的多種可能性在此發生，這個小舖子容納了文學書籍與文創商品，是可以彼此共享創意的複合式文創書店。文學書籍配合展覽，以主題式呈現。兼售獨立出版之各類書籍與相關作品。文創商品以各式文學與親子相關文創設計為主。
 
 
 
 圖片擷取自紀州庵文學森林臉書粉絲專頁
 
 
 
 本資料由文化部委託台灣閱讀推進協會建構，建立日期為107年5月13日。",,,,,臺北市 中正區,台北市中正區同安街107號,121.507818,25.039382,週二至四、週日：10:00-18:00。週五、六：10:00-21:00,,,,,,,,(02)23687577,,service@kishuan.org.tw,,,,,,,,,,,,,,,,,,5af7f9856e5ee2030723d882,3
獨立書店,獨立書店,朋丁 pon ding,,http://cloud.culture.tw/e_new_upload/cms/image/A0/B0/C0/D13/E171/F382/77220325-ab93-4f11-b3d5-4f5dac7b3458.jpg,"一個由台灣、印尼，日本三個朋友共同透過編輯概念、與各路人馬合作，出產各式形體與物件的計畫空間。
 
 
 
 圖片擷取自朋丁 pon ding臉書粉絲專頁
 
 
 
 本資料由文化部委託台灣閱讀推進協會建構，建立日期為107年5月13日。",,,,,臺北市 中山區,台北市中山區中山北路一段53巷6號,121.524686,25.072631,11:00 - 20:00（每月最後一個星期一公休）,,,,,,,,(02)25377281,,hello@pon-ding.com,,,,,,,,,,,,,,,,,,5af801c46e5ee2030723d887,7
獨立書店,獨立書店,流浪ing旅遊書店,,http://cloud.culture.tw/e_new_upload/cms/image/A0/B0/C0/D13/E184/F443/f9507046-9ff5-4063-bd3f-0c24e4fb4009.jpg,"流浪ing是一間以旅遊為主題的書店，各式各樣的旅遊書籍，分門別類地放置在書櫃上每一個適當的空間裡。在這裡，即將要去旅行的人，可以找到相關的書籍，來做行前規劃；旅行結束回來的人，可以在書名熟悉的書籍裡，和回憶產生共鳴；無法實地去旅行的人，可以在嚮往國家的書籍裡，藉由閱讀來精神遊歷。流浪ing
 
 不只是一間書店，更是一個聚會分享的好地方。每個週休二日，或是平日特定的時間，這裡都會舉辦「旅遊分享會」。讓已經把旅遊當成信仰的旅人，不論是在一段長時間裡，遊走在不同國家與城市間的「歇遊」；或是到一個國家的某個地方check in 長住，盡情融入和體驗當地文化和生活的「住遊」；還是在一個異國城市裡找個暫時的家，並以此為據點短暫而深入去探索和瞭解這座城市的「居遊」，都可以將自己的旅遊經驗，分享給對旅遊有興趣的每個人。
 
 
 
 圖片擷取自臺北旅遊網
 
 
 
 本資料由文化部委託台灣閱讀推進協會建構，建立日期為107年5月13日。",,,,,臺北市 大安區,台北市大安區溫州街74巷3弄2號1樓,121.542957,25.034544,週二至週日13:00 - 21:00,,,,,,,,(02)23622378,,nomading2013@gmail.com,,,,,,,,,,,,,,,,,,5af815a6aaa3c6afbbf0bbb9,7
獨立書店,獨立書店,水石有機書店,,http://cloud.culture.tw/e_new_upload/cms/image/A0/B0/C0/D14/E132/F5/49252192-5bd9-4d9d-88d9-9c5cf1e6a0d2.jpg,"透過『書本』的內容作為旅行的元素，導引旅客能透過書本挖掘並認識自己在旅行的故事，並透過旅行文學將故事與體驗心得結合，打造一個複合式旅行文學書店。
 
 書店以交換書方式經營，並提供免費的閱讀。二樓則提供背包客住宿。
 
 
 
 
 
 圖片擷取自水石有機書店臉書粉絲專頁
 
 
 
 本資料由文化部委託台灣閱讀推進協會建構，建立日期為107年5月14日。",,,,,新竹縣 新埔鎮,新竹縣新埔鎮上樟樹路一段162號,121.036341,24.844961,08:00-17:00,,,,,,,,0921-743-789,,benlutw762402@gmail.com,,,,,,,,,,,,,,,,,,5af91b51aaa3c6afbbf0bbbc,8
獨立書店,獨立書店,寄風冊店,,http://cloud.culture.tw/e_new_upload/cms/image/A0/B0/C0/D14/E134/F484/eff24731-6b6f-4697-93cd-e50c3b37e5cb.jpg,"位於台中清水眷村文化園區內的「寄風冊店」不同於一般商業型書店，也非時下熱門的獨立書店，主要是希望推動眷村文化保存，以展示海線文史資料、旅遊、文學等相關書籍，成為民眾了解「臺中清水眷村文化園區」的平台，並在活化的園區空間內進行紀錄影片播放、藝術家進駐及引進地方社團自發性的參與。因此「寄風冊店」是個不斷成長的動態空間，不僅是提供外來遊客一個認識在地生活的小書店，也將成為當地住民休憩交流的空間。
 
 
 
 
 
 圖片擷取自清水_寄風冊店臉書粉絲專頁
 
 
 
 本資料由文化部委託台灣閱讀推進協會建構，建立日期為107年5月14日。",,,,,新竹縣 新埔鎮,台中市清水區中社路54號,121.036341,24.844961,08:00-17:00,,,,,,,,(04)23011382,,junyanlin30@gmail.com,,,,,,,,,,,,,,,,,,5af92108aaa3c6afbbf0bbbe,2
獨立書店,獨立書店,佔空間 Artqpie Library．本冊圖書館,,http://cloud.culture.tw/e_new_upload/cms/image/A0/B0/C0/D14/E135/F990/cdef37dd-e507-499e-9a88-224b79a5ad94.jpg,"位於台中的佔空間ArtQpie成立於2009年，專注於策展、出版及空間企劃等工作，以台灣常見的佔位（occupy）為本，讓閒置的舊空間再次利用，進而提供友善的展覽與閱讀空間，同時也讓藝術走入生活與日常。
 
 
 
 
 
 圖片擷取自ArtQpie網站
 
 
 
 本資料由文化部委託台灣閱讀推進協會建構，建立日期為107年5月14日。",,,,,臺中市 西區,台中市西區中美街135號,120.664047,24.150957,週三至週五 16:00-20:00，週六15:00-20:00，週日15:00-18:00,,,,,,,,0982-723-359,,ajnasaka@gmail.com,,,,,,,,,,,,,,,,,,5af925546e5ee2030723d88c,6
獨立書店,獨立書店,給孤獨者書店 Anathapindika Books,,http://cloud.culture.tw/e_new_upload/cms/image/A0/B0/C0/D14/E141/F976/4c8ffab7-33b5-4204-aebf-6781b8b9fd2d.jpg,"給孤獨者書店位於台中審計新村，後排房屋的二樓轉角。書店空間主要提供二手書籍，以及自家製的點心與飲料。偶有沙龍聚會、活動與講演，亦提供展覽及攝影空間租借。2018年初，二手唱片行 @review reviews 亦進駐書店，歡迎臉書搜尋。
 
 書店提供閱讀場域與食糧，願能像枚友善邀請，期盼我們飢餓的身體與靈魂獲得滿足，醞釀更多的力量，前往更遙遠的岸。
 
 
 
 圖片擷取自給孤獨者書店 Anathapindika Books臉書粉絲專頁
 
 
 
 本資料由文化部委託台灣閱讀推進協會建構，建立日期為107年5月14日。",,,,,臺中市 西區,台中市西區民生路368巷4弄2號2樓（在4弄8號的樓上）,120.664047,24.150957,週三至週一 12:00-18:00,,,,,,,,,,anathapindikabook@gmail.com,,,,,,,,,,,,,,,,,,5af92a0caaa3c6afbbf0bbbf,3
獨立書店,獨立書店,樹合苑,,http://cloud.culture.tw/e_new_upload/cms/image/A0/B0/C0/D14/E144/F556/c5d81cc8-2410-4767-bcda-f2249a327015.jpg,"樹合苑是一個舊屋綠改造的空間，一個生產者與消費者相遇的場域，一個「生活」的地方…
 
 樹合苑內的「樹池書坡」裡，不止有書，還有細活巧思的創意，我們的書不是向書商購買，也不是二手書；我們向「友善書業合作社」購書，同時合樸社群的朋友們，推薦自己最喜歡的書，而每一本書都有一個QR Code，掃描進去就會發現驚喜。
 
 在樹池書坡，我們不只有紙本的書，我們還規劃了「真人書」、「星期五書聯」等活動，只要是加入細活村民都可以「借人」，一起來參與社群活動。
 
 
 
 圖片擷取自樹合苑臉書粉絲專頁
 
 
 
 本資料由文化部委託台灣閱讀推進協會建構，建立日期為107年5月14日。",,,,,臺中市 北區,台中市北區中清路一段101號,120.666303,24.156164,週三至週日10:00-18:00,,,,,,,,(04)22025600,,coffeetribe.hope@gmail.com,,,,,,,,,,,,,,,,,,5af93087aaa3c6afbbf0bbc0,5
獨立書店,獨立書店,熊與貓咖啡書房,,http://cloud.culture.tw/e_new_upload/cms/image/A0/B0/C0/D14/E155/F517/a64c79a2-dfcf-4991-86e0-1dfcc166422c.jpg,"台中城南，霧峰的人文客廳，旅人的歇腳驛站，溫馨舒服的好所在，可以各自擁有一小方天地的共同工作空間。歡迎各方朋友來走逛書店，索取在地藝文資訊，也歡迎點杯飲料上2F圖書室找個自在的閱讀角落，待一個下午。
 
 熊與貓以在地文藝復興為己任，策辦各種活動之餘，經營一家藝文小書店，新書及簽名書不二價，持續蒐羅簽名版好書，壯大書櫃中。
 
 
 
 圖片擷取自熊與貓咖啡書房臉書粉絲專頁
 
 
 
 本資料由文化部委託台灣閱讀推進協會建構，建立日期為107年5月14日。",,,,,臺中市 霧峰區(霧峰鄉),台中市霧峰區蘭生街43號1樓,120.73499,24.044294,週六、週日13:00-19:00,,,,,,,,(04)23304049,,dechun@ms36.hinet.net,,,,,,,,,,,,,,,,,,5af93ffdaaa3c6afbbf0bbc3,5
獨立書店,獨立書店,自己的房間,,http://cloud.culture.tw/e_new_upload/cms/image/A0/B0/C0/D15/E172/F378/045ae1a7-0447-4227-af92-cd28b8e82b6b.jpg,"自己的房間是全台中第一家性別主題書店，在2009年進駐忠信市場，長期透過書籍、座談及表演等，為性邊緣身份者及性別議題進行戰鬥。它包羅了來自各個性別族群的客人和資源，不管是來看書或者聊天、交朋友、參加活動，談論時事議題等等，提供一個讓人們靜下來思考、交流的生活空間。
 
 
 
 圖片擷取自生命力新聞
 
 
 
 本資料由文化部委託台灣閱讀推進協會建構，建立日期為107年5月15日。",,,,,臺中市 西區,台中市西區五權西路一段71巷3弄1號,120.664047,24.150957,不定期開放，開放時間將於臉書粉絲專頁進行公告,,,,,,,,(04)23755031,,room@thusbook.com.tw,,,,,,,,,,,,,,,,,,5afaa60faaa3c6afbbf0bbc9,4
獨立書店,獨立書店,山里好巷,,http://cloud.culture.tw/e_new_upload/cms/image/A0/B0/C0/D15/E173/F460/063eff6e-719b-410f-a65f-6f10fa8639c8.jpg,"守護好空氣的書店，關心環境、永續議題。
 
 在埔里，每條街的端景幾乎都是山。
 
 在山里好巷，我們一起重建與自然、萬物、社會的和諧關係。
 
 
 
 
 
 圖片擷取自山里好巷臉書粉絲專頁
 
 
 
 本資料由文化部委託台灣閱讀推進協會建構，建立日期為107年5月15日。",,,,,南投縣 埔里鎮,南投縣埔里鎮中山路二段412號,120.959637,23.98577,週二至週六10:00-19:00,,,,,,,,(04)92982696,,alleypuli@gmail.com,,,,,,,,,,,,,,,,,,5afaa8e76e5ee2030723d88d,2
獨立書店,獨立書店,籃城書房,,http://cloud.culture.tw/e_new_upload/cms/image/A0/B0/C0/D15/E175/F28/16ef7f7d-9cf2-4f26-8477-03c56a9a4fd2.jpg,"我們不只是一家書店，我們分享空間和時間。我們在這個空間中相遇交會，在這個空間中讀書、饗宴、聚會、交流、休憩，於是我們分享了生命中一段段愉悅的時光，在歲月的流逝中一起成長和老去。回顧駐足在書房的時刻，每一個感受都會浸潤成美好的回憶。
 
 『有書相伴 好書交換』是籃城書房持續推行的活動。想當年，購買時也幾經考量的舊愛，如今在書架上積塵。或許心境已改，或許等待閱讀的新歡更多。不如拿來分享吧！帶十本書來，你可以換到一整天的單車騎乘，可以踩遍埔里，飽覽小鎮市街田園風光。你也可以用七本書換到榖笠合作社的友善稻米，再把三本書折抵用餐和住宿。書房的書都是好書，都是愛書人眾裡尋它千百度的愛書，但願人長久，千里共讀好書。
 
 
 
 圖片擷取自籃城書房網站
 
 
 
 本資料由文化部委託台灣閱讀推進協會建構，建立日期為107年5月15日。",,,,,南投縣 埔里鎮,南投縣埔里鎮籃城5巷4號,120.959637,23.98577,週二至週四10:00-19:00，週五、六10:00-21:00，週日10:00-17:00,,,,,,,,(04)92913258,,service@restbb.com,,,,,,,,,,,,,,,,,,5afaabcb6e5ee2030723d88e,6
獨立書店,獨立書店,紅絲線 text apartment,,http://cloud.culture.tw/e_new_upload/cms/image/A0/B0/C0/D15/E176/F760/85ec1fb0-35bc-47ba-bc53-cc78ae0d6fe7.jpg,"紅絲線所在的透天厝原本是精品店，店長進駐後，採用簡約方式整理，清除不必要的裝潢，並運用老書店裡的舊書櫃，建構出質樸與書香兼蓄的氛圍。
 
 店長親自挑選過的書籍，目前都展示在一樓，書籍種類以台灣文學、女性書寫與社會思想為主，同時會依近期社會議題而有不同的主題選書，買書的時候店長會跟你深談對於閱讀以及文字的感動，不只書籍，這裡還會舉辦許多的讀書會、工作坊、影展以及主題展覽，書店這個稱呼並無法涵蓋這一個空間，或許可以說這裡是一個與文字密切交流的舊公寓。
 
 
 
 
 
 圖片擷取自紅絲線 text apartment臉書粉絲專頁
 
 
 
 本資料由文化部委託台灣閱讀推進協會建構，建立日期為107年5月15日。",,,,,彰化縣 彰化市,彰化市城中街20號,120.549437,24.07862,週二至週日14:00-20:00,,,,,,,,(04)728 3360,,,,,,,,,,,,,,,,,,,,5afaaf9a6e5ee2030723d88f,4
獨立書店,獨立書店,書集喜室,,http://cloud.culture.tw/e_new_upload/cms/image/A0/B0/C0/D15/E182/F610/bac79d1a-4a00-4d5d-841d-0f8fe802326c.jpg,"隱身在鹿港巷弄中的書集喜室，是一間二手書店，原本一棟快要廢棄的日治時期老屋，被店主買下，經過修復成為了現在的模樣，踏進書集喜室，彷彿時光倒流般時間都靜止了，老宅散發著濃濃的書卷氣味，帶領著你一起進入書香世界。
 
 
 
 
 
 圖片擷取自不是觀光景點的書舖茶屋:書集喜室臉書粉絲專頁
 
 
 
 本資料由文化部委託台灣閱讀推進協會建構，建立日期為107年5月15日。",,,,,彰化縣 鹿港鎮,彰化縣鹿港鎮杉行街20號,120.435059,24.057213,週三至週日11:00-17:30,,,,,,,,,,,,,,,,,,,,,,,,,,,,5afab57faaa3c6afbbf0bbca,3
獨立書店,獨立書店,哲美系二手書店,,http://cloud.culture.tw/e_new_upload/cms/image/A0/B0/C0/D15/E183/F928/558f12f0-e76c-4824-abe3-ae01be8d7734.jpg,"一間主要以販售、收購二手書籍為主的書店，外觀為紅磚小屋，只有3.67坪，可以算是台灣最迷你的二手書店。
 
 
 
 
 
 圖片擷取自哲美系二手書店臉書粉絲專頁
 
 
 
 本資料由文化部委託台灣閱讀推進協會建構，建立日期為107年5月15日。",,,,,雲林縣 斗六市,雲林縣斗六市府前街43號,,,週三至週五14:00-20:00，週六、週日10:00-18:00,,,,,,,,0978-454-348,,jhemeisi@gmail.com,,,,,,,,,,,,,,,,,,5afab894aaa3c6afbbf0bbcb,6
獨立書店,獨立書店,閱啡書坊,,http://cloud.culture.tw/e_new_upload/cms/image/A0/B0/C0/D15/E185/F525/e8dbcdcc-656a-48c0-a805-2c9a8dd1725c.jpg,"舊址位在宜蘭碧霞宮，廟裡供奉岳飛，而這空間也取其諧音命名為「閱啡」，以碧霞街作為文化實驗的主場，提供各種發展的空間與機會，目前是 [ Weekend Strolling 週末散步] 市集與講座的核心召集人與執行者，想在宜蘭植一片文化的綠地，也提供演出、繪畫展覽、技藝教室的空間，並持續經營著閱讀講座與市集諸多的活動。
 
 
 
 
 
 圖片擷取自閱啡書坊臉書粉絲專頁
 
 
 
 本資料由文化部委託台灣閱讀推進協會建構，建立日期為107年5月15日。",,,,,宜蘭縣 宜蘭市,宜蘭縣宜蘭市碧霞街20-1號2樓,,,週日至週五 10:30-18:30,,,,,,,,0975-401-657,,,,,,,,,,,,,,,,,,,,5afabafc6e5ee2030723d890,4
獨立書店,獨立書店,小間書菜,,http://cloud.culture.tw/e_new_upload/cms/image/A0/B0/C0/D15/E186/F330/5e00d529-cb1a-467b-b866-0455ace6e0dd.jpg,"小間在日本的算法，是約四個半榻榻米大的空間，意即物慾的最小量化。2014年，小間書菜確定在宜蘭員山，一座經過改造且有20年歷史的舊碾米廠開幕。
 
 內容包括販賣自家栽種的『小間米』，宜蘭小農友善蔬菜、二手書交換販賣、文創商品販賣，也會不定期舉辦農業體驗活動、農業專業課程講座、藝術文學會談等等。歡迎所有在地或外地的朋友，來小間書菜坐坐。
 
 
 
 圖片擷取自小間書菜臉書粉絲專頁
 
 
 
 本資料由文化部委託台灣閱讀推進協會建構，建立日期為107年5月13日。",,,,,宜蘭縣 員山鄉,宜蘭縣員山鄉尚深路124號,,,週三至週日10:00-17:30,,,,,,,,(03)9220781,,vb1030118@gmail.com,,,,,,,,,,,,,,,,,,5afabcfaaaa3c6afbbf0bbcc,5
獨立書店,獨立書店,書旅拾光 Bobooks,,http://cloud.culture.tw/e_new_upload/cms/image/A0/B0/C0/D16/E110/F351/9e683d1d-511a-40af-8df1-5a1ee83e3a1c.jpg,"1F- 書旅拾光咖啡書屋（書旅拾光舖）
 
 2F- bobooks背包客棧（安博機構）
 
 是身體休息的空間，也是心靈沉澱的時間，伴隨著書、咖啡、時光的味道，這是每個旅人和我們編織的故事。
 
 「存在」是書旅拾光與bobooks的核心理念，希望用書本的溫度喚起老屋的生命力，每個角落都有著落，等著旅人拾起的那本書，或隨意地翻翻幾頁，或許安安靜靜地細細品味，在窗邊依偎，或者斜躺在床緣，書會串起每一次的旅行時光，旅行中翻起的那些書將引領著心靈，而豐富人生。
 
 
 
 圖片擷取自書旅拾光 & Bobooks臉書粉絲專頁
 
 
 
 本資料由文化部委託台灣閱讀推進協會建構，建立日期為107年5月16日。",,,,,嘉義市 嘉義市,嘉義市西區中正路597號,120.453822,23.481019,12:00-20:00,,,,,,,,(05)2290159,,bobooks597@gmail.com,,,,,,,,,,,,,,,,,,5afb9f206e5ee2030723d891,9
獨立書店,獨立書店,島呼冊店,,http://cloud.culture.tw/e_new_upload/cms/image/A0/B0/C0/D16/E113/F859/1ddaea92-2146-446d-8932-30d907e1ec2c.jpg,"用豆腐親近土地，用閱讀貼近邊緣。乍看店名的一頭霧水，只要用台語唸出便會一掃而空。「島呼」＋「冊」＝豆腐＋書──店內不只賣書，也賣豆類製品。
 
 島呼冊店的書可借可買，不分新舊，當客人喜歡上一本書，可以支付書籍的原價將書帶回家，看完拿回店裡歸還則退還押金；若沒有將書還回店裡，就當作是客人買了那本書。書便可以不斷的流通，讓有價值的文字有更多被看到的機會。
 
 
 
 圖片擷取自島呼冊店臉書粉絲專頁
 
 
 
 本資料由文化部委託台灣閱讀推進協會建構，建立日期為107年5月16日。",,,,,嘉義市 嘉義市,嘉義市西區北興街86號,120.453822,23.481019,14:00-21:00,,,,,,,,(05)2311031,,,,,,,,,,,,,,,,,,,,5afba7b2aaa3c6afbbf0bbcd,5
獨立書店,獨立書店,眺港二手書店,,http://cloud.culture.tw/e_new_upload/cms/image/A0/B0/C0/D16/E123/F457/b305ee94-e460-4246-a87a-87a5040f4854.jpg,"成功鎮新港教會會館1932年成立至今，是東部少見的兩層樓日式建築，列台東縣歷史建物。
 
 老建築目前由台東縣心驛耕新關懷協會經營，營運團隊隨即以「陪伴當地成長」為出發點，不斷思考活化再利用的可能性。老屋本身猶如成功鎮政治、經濟、醫療和宗教發展史的縮影，因此，團隊在2016年將它打造為歷史故事館，主要對附近學生及觀光客介紹以建物為核心的在地史，更與台東晃晃二手書店及成功商水圖書館展開合作，讓老屋擁有了第五度的新身分──眺港二手書店，不只讓殘破不堪的老屋再創新生命，更期盼它能成為凝聚社區的共讀站。
 
 
 
 圖片擷取自心驛耕新－新港教會歷史建築夢想計畫臉書粉絲專頁
 
 
 
 本資料由文化部委託台灣閱讀推進協會建構，建立日期為107年5月16日。",,,,,臺東縣 成功鎮,台東縣成功鎮中山東路59號,121.365598,23.126152,週二、三 11:00-17:30，週四 11:00-18:00，週五 11:00-20:00，週六 11:00-21:00，週日 13:00-17:30,,,,,,,,(08)9851074,,sygs19320601@gmail.com,,,,,,,,,,,,,,,,,,5afbb2fdaaa3c6afbbf0bbcf,5
獨立書店,獨立書店,撥撥橘工作室．本東咖啡,,http://cloud.culture.tw/e_new_upload/cms/image/A0/B0/C0/D16/E126/F155/b6b0551c-2b05-4cbf-9c3c-5d4216498a5a.jpg,"撥撥橘，所有故事出發的原點；從一間小小的工作室發展到斜對面的本東畫材咖啡，一步一步的，雖然步伐小卻很踏實。
 
 關於撥撥橘，名字來自於開店前的兩隻小小貓「撥撥」和「小小橘」，屬於品牌的小空間，擁有插畫家李瑾倫完整的繪本、明信片創作以及生活中想和大家分享的點點滴滴，並同時藉由創作的力量關懷動物議題。
 
 關於本東畫材咖啡，就在撥撥橘小店的斜對角四、五步的距離，一樓除了咖啡與茶，還可以享用吳寶春土司三明治所烘烤的喵福三明治、每日不同口味的霜淇淋、戚楓蛋糕、手工餅乾手工果醬。
 
 這家由撥撥橘所延伸出來的小店，二樓有著美麗的玻璃屋頂，裡面是本東筆記本裝訂工房，數十種封面與內頁紙張可供選擇並訂製獨一無二的筆記本，封面與內頁的種類陸續在增加當中。除了裝訂服務，還有許多在歐美日第一線上有趣少見文具與筆記本。
 
 
 
 圖片擷取自撥撥橘、本東咖啡與灰灰基地 Chinlun's Things, Bandon Cafe & Huei-Huei臉書粉絲專頁
 
 
 
 本資料由文化部委託台灣閱讀推進協會建構，建立日期為107年5月16日。",,,,,高雄市 新興區,高雄市新興區民有街71號,120.30607,22.62839,週五至週二 10:00-18:00,,,,,,,,撥撥橘(07)2828747，本東咖啡(07)2018566,,chinlunsthings@gmail.com,,,,,,,,,,,,,,,,,,5afbb96d6e5ee2030723d892,8
獨立書店,獨立書店,小陽。日栽書屋,,http://cloud.culture.tw/e_new_upload/cms/image/A0/B0/C0/D16/E131/F858/f15f08af-dff9-426c-a3ff-10df31663d22.jpg,"一點勇氣將小陽。春日子更明確蛻變成小陽。日栽書屋，走過那段和伙伴一起的充滿春分生命力的日子，延續小陽發光發熱的精神，期許將帶給屏東更多關於書、關於藝文、關於文化的事。
 
 
 
 圖片擷取自書店裡的影像詩
 
 
 
 本資料由文化部委託台灣閱讀推進協會建構，建立日期為107年5月16日。",,,,,屏東縣 屏東市,屏東市中山路清營巷1號,120.501205,22.67797,週四至週日 14:00-20:00,,,,,,,,,,ssunville@hotmail.com,,,,,,,,,,,,,,,,,,5afbbe9c6e5ee2030723d893,6
獨立書店,獨立書店,順順堂,,http://cloud.culture.tw/e_new_upload/cms/image/A0/B0/C0/D16/E134/F993/e0569ce0-5724-4b3e-8e33-a42d4b8fb45b.jpg,"順順堂是屏東市第一家日式建築改裝的咖啡廳，老闆將這棟日式建築結構與格局保留，進行改裝與粉刷，融合了咖啡與閱讀的經營主軸，打造「在書店喝咖啡、在咖啡店閱讀」的咖啡館夢想。
 
 
 
 圖片擷取自順順堂臉書粉絲專頁
 
 
 
 本資料由文化部委託台灣閱讀推進協會建構，建立日期為107年5月16日。",,,,,屏東縣 屏東市,屏東市福建路53號,120.501205,22.67797,週二至週五 11:00-22:00，週六、日 09:30-22:00,,,,,,,,(08)7320013,,,,,,,,,,,,,,,,,,,,5afbc636aaa3c6afbbf0bbd0,5
獨立書店,獨立書店,我在二手書店,,http://cloud.culture.tw/e_new_upload/cms/image/A0/B0/C0/D16/E143/F616/ae7d3ba8-b680-4a6d-92c2-3a3fc9291812.jpg,"來自澎湖的店主在金門成立了金門首間二手書店「我在」，經營書籍買賣、咖啡點心，並長期徵求打工換宿。
 
 
 
 圖片擷取自我在二手書店臉書粉絲專頁
 
 
 
 本資料由文化部委託台灣閱讀推進協會建構，建立日期為107年5月16日。",,,,,金門縣 金城鎮,金門縣金城鎮民生路27巷1號,118.320519,24.432689,10:00-21:00，週四公休,,,,,,,,0988-426-727,,joeyroland1117@gmail.com,,,,,,,,,,,,,,,,,,5afbcfe7aaa3c6afbbf0bbd1,7
獨立書店,獨立書店,長春書店,,http://cloud.culture.tw/e_new_upload/cms/image/A0/B0/C0/D16/E144/F301/bf688e3d-d85e-4128-b88b-9dbc64f91ba0.jpg,"說它是一間書店，不如說它是一幅畫，一幅金門的風景。暗黑的時代背景，堆得人高的新舊圖書，僅容一個人身的狹長走道，時間像是定格一般，數十年不變。
 
 書店主人大多時間倚在一角伏案筆耕，黑絲寫成了白髮。偶有隨風掉落的火紅木棉，劃過天空，為黑白畫面增了點顏色。
 
 書店就在人潮熙攘的山外車站前，地點極好，在便利商店、飲料店競爭夾殺下，仍苦守著一堆舊書的堅持，顯得可貴。
 
 滿頭白髮的看店人，是金門最具分量的老作家陳長慶。總是挨著電腦，低頭敲打著一個個的生活智慧、一頁頁的島鄉記憶。
 
 寫就的數十本小說專書，就是金門相當珍貴的文化資產。這裡也是金門文友的私房下午茶地點，喝杯茶，或是吃碗老作家親燉的牛肉麵，再聽他說一段戰地故事、人生百態，談談八三么軍中茶室的趣事，遙想軍管時期的荒唐與無奈，在書香與歷史中，浸淫出屬於金門特有的文化氣味。然後，帶著充電後的滿足，昂起頭，各自沒入屬於自己的人海天地。
 
 
 
 圖片擷取自書店裡的影像詩網站
 
 
 
 本資料由文化部委託台灣閱讀推進協會建構，建立日期為107年5月16日。",,,,,金門縣 金湖鎮,金門縣金湖鎮復興路130號,,,07:00–19:00,,,,,,,,(08)2332702,,,,,,,,,,,,,,,,,,,,5afbd2ab6e5ee2030723d895,10
獨立書店,獨立書店,遠流別境,,http://cloud.culture.tw/e_new_upload/cms/image/A0/B0/C0/D4/E164/F864/7a470893-76d7-4b79-ab52-7c8b7d8ff05b.jpg,"遠流別境 libLAB 為遠流出版公司從紙本與數位出版，跨足空間出版的新樣貌。這是一個結合閱讀、飲食、沙龍、講堂的實驗基地，一個書本以外的跨領域故事平台。
 
 libLAB 以台灣文化為底蘊，提倡多樣化的閱讀型態; 透過show and tell的表現方式，發掘無所不在的驚奇與感動，並期盼以展演、座談、講堂、工作坊，營造各專業社群在此聚會交流，讓每個人都能創造出屬於自己的別境。
 
 
 
 圖片擷取自遠流別境 libLAB臉書粉絲專頁
 
 
 
 本資料由文化部委託台灣閱讀推進協會建構，建立日期為107年6月4日。",,,,,臺北市 中正區,八德路一段1號,121.52906,25.043604,,,,,,,,,(02)23581166#537,,zivchen@huashan1914.tw,,,,,,,,,,,,,,,,,,5b14fc1a6e5ef5495f607902,9
獨立書店,獨立書店,無關實驗書店,,http://cloud.culture.tw/e_new_upload/cms/image/A0/B0/C0/D4/E171/F713/08e6fce9-c26c-4d4c-b87e-2a7e7618cecf.jpg,"這裡無關書，關於找到自我
 
 無關販售，關於新生活嘗試
 
 無關品味，關於叛逆主張
 
 一群跟書店無關的人，想要找出還有什麼新的可能性
 
 無關＿＿＿＿＿＿，關於＿＿＿＿＿＿ 
 
 由你來創造
 
 （由於書店內選書都較具議題性，且有許多限制級的成人書籍；我們希望未來能再深入地探討成人議題，包括心理、慾望、藝術、意識形態等等，也希望店內書籍是可以供給大家自由翻閱的，因此「18歲以下禁入」。）
 
 
 
 圖片擷取自無關臉書粉絲專頁
 
 
 
 本資料由文化部委託台灣閱讀推進協會建構，建立日期為107年6月4日。",,,,,高雄市 鹽埕區,大義街2-1號C7-6倉庫,120.281814,22.620168,週二至週四14:00-20:00，週五至週日11:00-20:00,,,,,,,,(07)5318813,,,,,,,,,,,,,,,,,,,,5b15029aaaa3168cc99563da,16
獨立書店,獨立書店,雨樵懶人書店,,http://cloud.culture.tw/e_new_upload/cms/image/A0/B0/C0/D12/E154/F15/82fbaf6f-b7a1-4833-b4de-e31e98d296f0.jpg,"雨樵懶人書店店主是一位醫師，書店的誕生是來自於醫師與病人的約定，並且在因緣際會之下來到花蓮，開始了這位醫師經營獨立書店的旅途，書店主人希望打造的氛圍就如同店名一般，希望來到書店的民眾都能夠在舒舒服服，慵懶的氣氛下閱讀，並且把他們當成朋友對談與問候。
 
 書店內主要呈現文學與兒童繪本等兩大類的書籍，也致力於藝文活動的推廣，每月都會舉辦不同的講座、新書發表會等等的內容，也積極地邀請北、西部的作家、藝術家來到這裡，在花蓮與民眾進行交流。
 
 
 
 圖片擷取自雨樵懶人書店臉書粉絲專頁
 
 
 
 本資料由文化部委託台灣閱讀推進協會建構，建立日期為107年6月12日。",,,,,花蓮縣 花蓮市,光復街130號2樓,121.59184,23.977088,10:00-18:00，每週二公休,,,,,,,,(03)8330721,,,,,,,,,,,,,,,,,,,,5b1f76966e5e60dcb9bca05a,4
獨立書店,獨立書店,小島停琉海洋獨立書店,,http://cloud.culture.tw/e_new_upload/cms/image/A0/B0/C0/D12/E173/F95/49023d38-a0ad-4f4e-9a6e-f39b27ff88c5.jpg,"小琉球全島唯一獨立書店，擁有多種海洋與環境相關藏書與海洋文創商品，是一間充滿生命力與想法的小店，來到這裡可以讓你用不一樣的角度欣賞小琉球。
 
 
 
 圖片擷取自小島停琉臉書粉絲專頁
 
 
 
 本資料由文化部委託台灣閱讀推進協會建構，建立日期為107年6月12日。",,,,,屏東縣 琉球鄉,中正路255之1號,,,14:00-21:00（不定期公休）,,,,,,,,936237586,,lingerbookstore@gmail.com,,,,,,,,,,,,,,,,,,5b1f90eeaaa3b434be1e8c01,3
獨立書店,獨立書店,都蘭小洋房書店,,http://cloud.culture.tw/e_new_upload/cms/image/A0/B0/C0/D12/E181/F471/4a28f604-d1dd-43ee-a5a6-bce9fc55cb2e.jpg,"是一間誠實書店。
 
 是一間一人書店。
 
 是一間很不像書店的書店。
 
 
 
 誠實書店：
 
 位於台東都蘭海邊，有藍天、有海洋，但很難生存。因此好好生活變得很重要，有工作會去接，有陽光會去海邊。愛書人可以自己選書買書，投錢找錢。
 
 
 
 二手書：
 
 書籍需要被閱讀才有其意義，二手書透過不同人的閱讀方顯其價值，因此，這裡沒有大量新書（太貴買不起），但有我喜歡的好書。
 
 
 
 蓋碗茶：
 
 用在地嚴選好茶，紅烏龍、陳年老茶。
 
 
 
 海廢再生：
 
 住在海邊有很多時間看海，將海邊的廢物加工，或二手不用的舊物改造，讓物品有新的生命。
 
 
 
 圖片擷取自都蘭小洋房書店 Casa Yang Books & Art臉書粉絲專頁
 
 
 
 本資料由文化部委託台灣閱讀推進協會建構，建立日期為107年6月12日。",,,,,臺東縣 東河鄉,都蘭村都蘭225-26號,121.285524,23.069172,週三至週六11:00-16:00,,,,,,,,928336569,,yangscasa@gmail.com,,,,,,,士林區,,,,,,,,,,,5b1f9c136e5e60dcb9bca05b,3
獨立書店,獨立書店,池上書局,,http://cloud.culture.tw/e_new_upload/cms/image/A0/B0/C0/D12/E182/F966/472daa5f-c95c-4210-a45b-384e2e772967.jpg,"池上書局為鄉內成立最早及唯一之實體書店，目前為第三代經營。從1955年草創成立至今超過一甲子的歲月，嘉惠了無數的莘莘學子也是在地鄉民兒時求學時的共同記憶。
 
 
 
 圖片擷取自池上書局臉書粉絲專頁
 
 
 
 本資料由文化部委託台灣閱讀推進協會建構，建立日期為107年6月12日。",,,,,臺東縣 池上鄉,中山路222號,121.19967,23.11461,09:00-22:00,,,,,,,,(08)9862046,,chishangbooks@gmail.com,,,,,,,,,,,,,,,,,,5b1f9ed5aaa3b434be1e8c02,2
獨立書店,獨立書店,借冊所,,http://cloud.culture.tw/e_new_upload/cms/image/A0/B0/C0/D13/E180/F838/0f42e1b4-bce9-4ee6-8067-264742ddd0a8.jpg,"一位以流浪方式體驗世界的香港背包客，立志用一生走遍各地。因熱愛臺灣的美好，現暫居池上開設書店與旅人交流，用自己喜歡的方式生活，等待著下一次旅程的到來。
 
 借冊所就是這麼一間不求營利，只是單純地分享一個看書、交流的空間，並在池上與各地旅人交換故事的二手書屋，更是專屬於池上的「夜店」。
 
 
 
 圖片擷取自借冊所臉書粉絲專頁
 
 
 
 本資料由文化部委託台灣閱讀推進協會建構，建立日期為107年6月13日。",,,,,臺東縣 池上鄉,中華路57號,121.19967,23.11461,14:00-22:00（每週二公休）,,,,,,,,983322944,,,,,,,,,,,,,,,,,,,,5b20ebc8aaa3b434be1e8c0d,10
獨立書店,獨立書店,食冊café書店,,http://cloud.culture.tw/e_new_upload/cms/image/A0/B0/C0/D13/E182/F819/97d7f667-6283-4709-9e04-237f8cc2870b.jpg,"食冊，即是結合生理跟心靈的糧食，三個青年人來台東合創的綜合書店，也是提供身心靈養分的一家店。進來點一杯好咖啡、來一個剛剛出爐的麵包，輕聲交談或是看一本書、打開筆電上網工作，台東燥熱的陽光被擋在美麗的門窗外面；上去二樓是兩間精緻舒適的客房、一小間客廳。食冊為邀請藝文作者來台東演講、新書發表，免費提供住宿。不想被打擾自己設定的生活步調，也要讓來者感受到食冊這家結合書店、烘焙坊、營養輕食、咖啡廳等多功能的空間。
 
 
 
 圖片擷取自食冊café書店臉書粉絲專頁
 
 
 
 本資料由文化部委託台灣閱讀推進協會建構，建立日期為107年6月13日。",,,,,臺東縣 台東市,洛陽街265號,121.146907,22.752472,週三至週日10:00-22:00,,,,,,,,(08)9347616,,,,,,,,,,,,,,,,,,,,5b20f1b4aaa3b434be1e8c0e,6
獨立書店,獨立書店,練習曲書店,,http://cloud.culture.tw/e_new_upload/cms/image/A0/B0/C0/D14/E152/F793/b18b4af8-f626-49b4-9796-d82406fbd224.jpg,"一位熱血棒球教練與好友，一同在花蓮靠山面海的新城小村莊開設的書店，提供旅人、學生及社區居民免費借閱書籍的不賣書的書店，也歡迎大家一起來練習人生大小事。
 
 
 
 圖片擷取自練習曲書店臉書粉絲專頁
 
 
 
 本資料由文化部委託台灣閱讀推進協會建構，建立日期為107年6月14日。",,,,,花蓮縣 新城鄉,新城村信義路252號,121.60438,24.032707,週一至週五09:00-20:00，週六、日09:00-22:00,,,,,,,,0929-102-286,,,,,,,,,,,,,,,,,,,,5b2218c96e5e60dcb9bca061,6
獨立書店,獨立書店,走走池上,,http://cloud.culture.tw/e_new_upload/cms/image/A0/B0/C0/D14/E155/F809/1774f246-ad3a-4e4c-8565-811a0bf0f72d.jpg,"走走池上是工作室，也是一個半開放式空間，歡迎旅人來到這裡，翻閱書籍放慢腳步，品嚐咖啡或飲品，以他鄉的眼光寫下精彩動人的故事，也讓走走池上得以透過旅人的角度，變得更寬廣遼闊，帶來更多的感動與驚喜。
 
 
 
 圖片擷取自走走池上臉書粉絲專頁
 
 
 
 本資料由文化部委託台灣閱讀推進協會建構，建立日期為107年6月14日。",,,,,臺東縣 池上鄉,中山路99號,121.19967,23.11461,14:00-22:00,,,,,,,,0986-367-216,,dreamabcde@gmail.com,,,,,,,,,,,,,,,,,,5b221fbaaaa3b434be1e8c0f,6
獨立書店,獨立書店,Art Studio風向空間,,http://cloud.culture.tw/e_new_upload/cms/image/A0/B0/C0/D14/E162/F267/5a4a3b27-4de0-4587-aaee-3eff7b83786d.jpg,"展覽×手作×教學×二手書的風向空間
 
 輕鬆的逛逛&找個位子來份下午茶
 
 度過美好的下午時光
 
 晚上這也是個畫室
 
 藝術交流和教學.分享空間
 
 假日也有不定時的二手膨風小市集
 
 
 
 圖片擷取自Art Studio風向空間臉書粉絲專頁
 
 
 
 本資料由文化部委託台灣閱讀推進協會建構，建立日期為107年6月14日。",,,,,澎湖縣 馬公市,重慶街16號,119.586158,23.566121,週二至週日13:00-18:00,,,,,,,,0932-008-486,,,,,,,,,,,,,,,,,,,,5b2224eeaaa3b434be1e8c10,5
獨立書店,獨立書店,紅氣球書屋,,http://cloud.culture.tw/e_new_upload/cms/image/A0/B0/C0/D5/E141/F365/6cddc714-f214-4833-b03d-15df7fb68c91.jpg,"一對原本打算到恆春半島一圓民宿夢的年輕夫妻，卻發現在恆春最大的遺憾是「找不到書店」，因此愛書的兩人最後決定自己開一間書店，讓恆春的居民和遊客都可以有個舒服的閱讀環境，位於台灣最南端的紅氣球書屋就這麼誕生了。
 
 在這間書店裡，有著適合拿著到海邊安靜地閱讀的文學，也能找到屬於恆春本地文化的藏書，更多的，是他們兩人覺得應該被分享的好書。
 
 
 
 圖片擷取自紅氣球書屋 Le BallonRouge臉書粉絲專頁
 
 
 
 本資料由文化部委託台灣閱讀推進協會建構，建立日期為107年7月5日。",,,,,屏東縣 恆春鎮,北門路110巷86號,120.744604,22.000064,13:30-21:30，每週日10:00-18:00，每週三公休（實際情形請以店家公告為主）,,,,,,,,0934 149 657,,,,,,,,,,,,,,,,,,,,5b3db63aaaa378d7ca9a2e97,4
獨立書店,獨立書店,唐恩書店,,http://cloud.culture.tw/e_new_upload/cms/image/A0/B0/C0/D5/E145/F366/8ca3b5b7-bee4-4b76-86c4-ee2bf12f1157.jpg,"位於台南市區聚集多間特色小店的衛民街70巷內，是間專營科普、生物醫學、哲學、及歷史類新書還有火柴盒小汽車銷售的書店，並不定期舉辦讀書會及各類社群聚會。
 
 
 
 圖片擷取自唐恩Down House粉絲專頁
 
 
 
 本資料由文化部委託台灣閱讀推進協會建構，建立日期為107年7月5日。",,,,,臺南市 中西區,衛民街70巷28號,120.204963,22.990709,週一至週五11:00-23:00，週六、日11:00-19:00,,,,,,,,(06)222-7767,,,,,,,,,,,,,,,,,,,,5b3dbfcbaaa378d7ca9a2e98,4
獨立書店,獨立書店,仰望書房,,http://cloud.culture.tw/e_new_upload/cms/image/A0/B0/C0/D5/E162/F996/940bd5e5-8897-4c8f-bffe-0e20b95f15f3.jpg,"台灣第一家將主題聚焦於天文的獨立書店，但書店內展示的主要不是書，而是星星與夢想，除了天文、大氣科學、地球科學等相關主題書，也賣觀星用品、模型等天文商品。
 
 而原本在科博館擔任解說員的店主也會不定期在書屋室內外舉辦各式天文、科普活動，不只是讓天文同好有個能相互交流的場所，同時也歡迎對天文感到好奇的民眾一起仰望星空之美。
 
 
 
 圖片擷取自仰望書房臉書粉絲專頁
 
 
 
 本資料由文化部委託台灣閱讀推進協會建構，建立日期為107年7月5日。",,,,,臺中市 北區,英士路140號,120.666303,24.156164,週三至週日14:00-22:00,,,,,,,,(04)2202-9380,,,,,,,,,,,,,,,,,,,,5b3dd68baaa378d7ca9a2e9b,8
獨立書店,獨立書店,黑潮書店,,http://cloud.culture.tw/e_new_upload/cms/image/A0/B0/C0/D5/E174/F733/c763658e-0900-4486-91db-bea9cc6c9814.jpg,"烏石港遊客中心二樓原展示空間，目前范特喜微創文化以「黑潮書店」的型態重新開放，空間的利用企圖以書店之閱覽區、開放空間，以及服務區為骨架，服務地方文化社造及深度旅遊的相乘。
 
 
 
 圖片擷取自黑潮書店臉書粉絲專頁
 
 
 
 本資料由文化部委託台灣閱讀推進協會建構，建立日期為107年7月5日。",,,,,宜蘭縣 頭城鎮,港墘路60號2樓,121.836197,24.870829,13:00-17:30，每週三公休,,,,,,,,(03)9773150,,fantasykuroshio@gmail.com,,,,,,,,,,,,,,,,,,5b3de7a7aaa378d7ca9a2e9c,2
獨立書店,獨立書店,萬葉集書店,,http://cloud.culture.tw/e_new_upload/cms/image/A0/B0/C0/D6/E163/F879/e3fcab51-7ad3-4169-9db3-9c511025ee2f.jpg,"萬葉集書店是日語教材專門書店，店內書籍多選自國內出版社出版之書籍，不限於暢銷書或新書，亦有部分原文書籍並可協助代訂。此外亦設有韓文專區，史地專區、文學與傳統文化書籍專區且數量陸續增加中。
 
 
 
 圖片擷取自萬葉集書店臉書粉絲專頁
 
 
 
 本資料由文化部委託台灣閱讀推進協會建構，建立日期為107年7月6日。",,,,,新竹縣 竹北市,嘉興路277巷9號,121.023094,24.821766,14:00-18:00，週三19:00-21:00，週五10:00-12:00，每週日公休,,,,,,,,(03)668-5010,,moinikka@pie.com.tw,,,,,,,,,,,,,,,,,,5b3f29faaaa378d7ca9a2ea0,4
獨立書店,獨立書店,或者書店,,http://cloud.culture.tw/e_new_upload/cms/image/A0/B0/C0/D6/E170/F379/dbb089f0-ec79-4460-8eb7-e4503c52d081.jpg,"或者書店位於竹北新瓦屋客家文化園區內，以親子共讀、友善土地、多元族群的理念，導入專業選書、選品、選食，引領讀者進入閱讀的多元世界，從閱讀想像力到體驗，分享閱讀的幸福，實踐生活五官六感全面向。以書店型態展現文化軟實力，作為世代文化連結的橋樑。
 
 書店二樓為生產者與消費者相遇的健康廚房，提供符合健康養生概念的蔬食餐飲。
 
 
 
 圖片擷取自或者書店臉書粉絲專頁
 
 
 
 本資料由文化部委託台灣閱讀推進協會建構，建立日期為107年7月6日。",,,,,新竹縣 竹北市,文興路一段123號,121.023094,24.821766,10:30-21:00，每月第二個週二公休,,,,,,,,(03)550-5069,,orbook123@gmail.com,,,,,,,,,,,,,,,,,,5b3f2fd16e5e104a8ca080e2,4
獨立書店,獨立書店,仁偉書局,,http://cloud.culture.tw/e_new_upload/cms/image/A0/B0/C0/D6/E180/F275/d03da18c-57eb-4ef1-b0bf-ab15b1555748.jpg,"位於嘉義民雄將近40年歷史的仁偉書局，目前由返鄉的第二代接手主理，除了堅持不關閉書區之外，更導入新的經營思維，讓印象中在地以販賣文具為主的傳統書局有了不一樣的風景，同時往提供人情味和傳遞美好及重要事物的目標邁進。
 
 
 
 圖片擷取自仁偉書局臉書粉絲專頁。
 
 
 
 本資料由文化部委託台灣閱讀推進協會建構，建立日期為107年7月6日。",,,,,嘉義縣 民雄鄉,建國路三段177號,120.44041,23.520357,09:00-22:00，週日14:00-22:00,,,,,,,,(05)221-2430,,t2206061@gmail.com,,,,,,,,,,,,,,,,,,5b3f3da5aaa378d7ca9a2ea1,2